{
  "0": {
    "precision": 0.9494509655433548,
    "recall": 0.9950396825396826,
    "f1-score": 0.9717109087386165,
    "support": 5040.0
  },
  "1": {
    "precision": 0.9947894956231763,
    "recall": 0.9470238095238095,
    "f1-score": 0.9703191705631226,
    "support": 5040.0
  },
  "accuracy": 0.971031746031746,
  "macro avg": {
    "precision": 0.9721202305832656,
    "recall": 0.971031746031746,
    "f1-score": 0.9710150396508695,
    "support": 10080.0
  },
  "weighted avg": {
    "precision": 0.9721202305832657,
    "recall": 0.971031746031746,
    "f1-score": 0.9710150396508695,
    "support": 10080.0
  }
}