{
  "0": {
    "precision": 0.7643908969210174,
    "recall": 0.866464339908953,
    "f1-score": 0.8122332859174964,
    "support": 659.0
  },
  "1": {
    "precision": 0.8326996197718631,
    "recall": 0.7133550488599348,
    "f1-score": 0.7684210526315789,
    "support": 614.0
  },
  "accuracy": 0.7926158680282797,
  "macro avg": {
    "precision": 0.7985452583464403,
    "recall": 0.7899096943844439,
    "f1-score": 0.7903271692745377,
    "support": 1273.0
  },
  "weighted avg": {
    "precision": 0.7973379164264528,
    "recall": 0.7926158680282797,
    "f1-score": 0.7911015410333224,
    "support": 1273.0
  }
}