{
  "0": {
    "precision": 0.8005540166204986,
    "recall": 0.8912875867386276,
    "f1-score": 0.8434877781831448,
    "support": 1297.0
  },
  "1": {
    "precision": 0.6974248927038627,
    "recall": 0.5301794453507341,
    "f1-score": 0.6024096385542169,
    "support": 613.0
  },
  "accuracy": 0.775392670157068,
  "macro avg": {
    "precision": 0.7489894546621807,
    "recall": 0.7107335160446808,
    "f1-score": 0.7229487083686809,
    "support": 1910.0
  },
  "weighted avg": {
    "precision": 0.7674555072168873,
    "recall": 0.775392670157068,
    "f1-score": 0.7661155794435989,
    "support": 1910.0
  }
}