{
  "0": {
    "precision": 0.7610146862483311,
    "recall": 0.8649468892261002,
    "f1-score": 0.8096590909090909,
    "support": 659.0
  },
  "1": {
    "precision": 0.8301526717557252,
    "recall": 0.7084690553745928,
    "f1-score": 0.7644991212653779,
    "support": 614.0
  },
  "accuracy": 0.7894736842105263,
  "macro avg": {
    "precision": 0.7955836790020281,
    "recall": 0.7867079723003465,
    "f1-score": 0.7870791060872344,
    "support": 1273.0
  },
  "weighted avg": {
    "precision": 0.7943616800437279,
    "recall": 0.7894736842105263,
    "f1-score": 0.7878772987949985,
    "support": 1273.0
  }
}