{
  "0": {
    "precision": 0.9432224102274863,
    "recall": 0.995436507936508,
    "f1-score": 0.9686263152813979,
    "support": 5040.0
  },
  "1": {
    "precision": 0.9951690821256038,
    "recall": 0.9400793650793651,
    "f1-score": 0.9668401183552698,
    "support": 5040.0
  },
  "accuracy": 0.9677579365079365,
  "macro avg": {
    "precision": 0.969195746176545,
    "recall": 0.9677579365079365,
    "f1-score": 0.9677332168183339,
    "support": 10080.0
  },
  "weighted avg": {
    "precision": 0.9691957461765451,
    "recall": 0.9677579365079365,
    "f1-score": 0.9677332168183338,
    "support": 10080.0
  }
}