{
  "0": {
    "precision": 0.793471019320453,
    "recall": 0.9182729375481882,
    "f1-score": 0.8513223731236598,
    "support": 1297.0
  },
  "1": {
    "precision": 0.7408312958435208,
    "recall": 0.49429037520391517,
    "f1-score": 0.5929549902152642,
    "support": 613.0
  },
  "accuracy": 0.7821989528795812,
  "macro avg": {
    "precision": 0.7671511575819869,
    "recall": 0.7062816563760517,
    "f1-score": 0.7221386816694619,
    "support": 1910.0
  },
  "weighted avg": {
    "precision": 0.7765766996914691,
    "recall": 0.7821989528795812,
    "f1-score": 0.7684013230069863,
    "support": 1910.0
  }
}