{
  "0": {
    "precision": 0.7577720207253886,
    "recall": 0.8877086494688923,
    "f1-score": 0.8176100628930818,
    "support": 659.0
  },
  "1": {
    "precision": 0.8522954091816367,
    "recall": 0.6954397394136808,
    "f1-score": 0.7659192825112108,
    "support": 614.0
  },
  "accuracy": 0.7949725058915946,
  "macro avg": {
    "precision": 0.8050337149535127,
    "recall": 0.7915741944412865,
    "f1-score": 0.7917646727021463,
    "support": 1273.0
  },
  "weighted avg": {
    "precision": 0.8033630344819764,
    "recall": 0.7949725058915946,
    "f1-score": 0.7926782960788878,
    "support": 1273.0
  }
}