{
  "0": {
    "precision": 0.6496605237633366,
    "recall": 0.664484126984127,
    "f1-score": 0.6569887199607651,
    "support": 5040.0
  },
  "1": {
    "precision": 0.6566497461928934,
    "recall": 0.6416666666666667,
    "f1-score": 0.6490717511289513,
    "support": 5040.0
  },
  "accuracy": 0.6530753968253968,
  "macro avg": {
    "precision": 0.6531551349781151,
    "recall": 0.6530753968253968,
    "f1-score": 0.6530302355448583,
    "support": 10080.0
  },
  "weighted avg": {
    "precision": 0.653155134978115,
    "recall": 0.6530753968253968,
    "f1-score": 0.6530302355448582,
    "support": 10080.0
  }
}