{
  "0": {
    "precision": 0.746031746031746,
    "recall": 0.6418816388467374,
    "f1-score": 0.6900489396411092,
    "support": 659.0
  },
  "1": {
    "precision": 0.6657223796033994,
    "recall": 0.7654723127035831,
    "f1-score": 0.7121212121212122,
    "support": 614.0
  },
  "accuracy": 0.7014925373134329,
  "macro avg": {
    "precision": 0.7058770628175728,
    "recall": 0.7036769757751602,
    "f1-score": 0.7010850758811606,
    "support": 1273.0
  },
  "weighted avg": {
    "precision": 0.7072965135203518,
    "recall": 0.7014925373134329,
    "f1-score": 0.7006949532332405,
    "support": 1273.0
  }
}