{
  "0": {
    "precision": 0.8064220183486238,
    "recall": 0.6777178103315343,
    "f1-score": 0.7364893171344784,
    "support": 1297.0
  },
  "1": {
    "precision": 0.4902439024390244,
    "recall": 0.6557911908646004,
    "f1-score": 0.5610607117934403,
    "support": 613.0
  },
  "accuracy": 0.6706806282722513,
  "macro avg": {
    "precision": 0.6483329603938242,
    "recall": 0.6667545005980673,
    "f1-score": 0.6487750144639594,
    "support": 1910.0
  },
  "weighted avg": {
    "precision": 0.7049470523525062,
    "recall": 0.6706806282722513,
    "f1-score": 0.6801868380381139,
    "support": 1910.0
  }
}