{
  "0": {
    "precision": 0.8062780269058296,
    "recall": 0.6931380107941403,
    "f1-score": 0.7454394693200663,
    "support": 1297.0
  },
  "1": {
    "precision": 0.49937106918238994,
    "recall": 0.6476345840130505,
    "f1-score": 0.5639204545454546,
    "support": 613.0
  },
  "accuracy": 0.6785340314136126,
  "macro avg": {
    "precision": 0.6528245480441097,
    "recall": 0.6703862974035955,
    "f1-score": 0.6546799619327605,
    "support": 1910.0
  },
  "weighted avg": {
    "precision": 0.707778568746422,
    "recall": 0.6785340314136126,
    "f1-score": 0.6871823195520889,
    "support": 1910.0
  }
}