{
  "0": {
    "precision": 0.7427597955706985,
    "recall": 0.661608497723824,
    "f1-score": 0.6998394863563403,
    "support": 659.0
  },
  "1": {
    "precision": 0.6749271137026239,
    "recall": 0.754071661237785,
    "f1-score": 0.7123076923076923,
    "support": 614.0
  },
  "accuracy": 0.7062058130400628,
  "macro avg": {
    "precision": 0.7088434546366612,
    "recall": 0.7078400794808045,
    "f1-score": 0.7060735893320162,
    "support": 1273.0
  },
  "weighted avg": {
    "precision": 0.710042382635115,
    "recall": 0.7062058130400628,
    "f1-score": 0.7058532164852721,
    "support": 1273.0
  }
}