{
  "0": {
    "precision": 0.6477927063339731,
    "recall": 0.6696428571428571,
    "f1-score": 0.6585365853658537,
    "support": 5040.0
  },
  "1": {
    "precision": 0.6581108829568788,
    "recall": 0.6359126984126984,
    "f1-score": 0.6468213925327951,
    "support": 5040.0
  },
  "accuracy": 0.6527777777777778,
  "macro avg": {
    "precision": 0.652951794645426,
    "recall": 0.6527777777777777,
    "f1-score": 0.6526789889493244,
    "support": 10080.0
  },
  "weighted avg": {
    "precision": 0.652951794645426,
    "recall": 0.6527777777777778,
    "f1-score": 0.6526789889493244,
    "support": 10080.0
  }
}