{
  "0": {
    "precision": 0.7480818414322251,
    "recall": 0.8877086494688923,
    "f1-score": 0.8119361554476058,
    "support": 659.0
  },
  "1": {
    "precision": 0.8492871690427699,
    "recall": 0.6791530944625407,
    "f1-score": 0.7547511312217194,
    "support": 614.0
  },
  "accuracy": 0.7871170463472114,
  "macro avg": {
    "precision": 0.7986845052374976,
    "recall": 0.7834308719657165,
    "f1-score": 0.7833436433346626,
    "support": 1273.0
  },
  "weighted avg": {
    "precision": 0.7968957229348759,
    "recall": 0.7871170463472114,
    "f1-score": 0.7843543762844525,
    "support": 1273.0
  }
}