{
  "0": {
    "precision": 0.7879390324718356,
    "recall": 0.9167309175019275,
    "f1-score": 0.8474697077690663,
    "support": 1297.0
  },
  "1": {
    "precision": 0.7306733167082294,
    "recall": 0.47797716150081565,
    "f1-score": 0.5779092702169625,
    "support": 613.0
  },
  "accuracy": 0.7759162303664922,
  "macro avg": {
    "precision": 0.7593061745900325,
    "recall": 0.6973540395013715,
    "f1-score": 0.7126894889930144,
    "support": 1910.0
  },
  "weighted avg": {
    "precision": 0.7695600357372332,
    "recall": 0.7759162303664922,
    "f1-score": 0.7609563317379461,
    "support": 1910.0
  }
}