{
  "0": {
    "precision": 0.7969924812030075,
    "recall": 0.8989976869699307,
    "f1-score": 0.8449275362318841,
    "support": 1297.0
  },
  "1": {
    "precision": 0.7069351230425056,
    "recall": 0.5154975530179445,
    "f1-score": 0.5962264150943396,
    "support": 613.0
  },
  "accuracy": 0.7759162303664922,
  "macro avg": {
    "precision": 0.7519638021227566,
    "recall": 0.7072476199939376,
    "f1-score": 0.7205769756631119,
    "support": 1910.0
  },
  "weighted avg": {
    "precision": 0.7680892557829092,
    "recall": 0.7759162303664922,
    "f1-score": 0.7651087994479496,
    "support": 1910.0
  }
}