{
  "0": {
    "precision": 0.9404271262645185,
    "recall": 0.996031746031746,
    "f1-score": 0.9674311042590095,
    "support": 5040.0
  },
  "1": {
    "precision": 0.995782370307887,
    "recall": 0.9369047619047619,
    "f1-score": 0.9654467389081988,
    "support": 5040.0
  },
  "accuracy": 0.966468253968254,
  "macro avg": {
    "precision": 0.9681047482862027,
    "recall": 0.966468253968254,
    "f1-score": 0.9664389215836041,
    "support": 10080.0
  },
  "weighted avg": {
    "precision": 0.9681047482862027,
    "recall": 0.966468253968254,
    "f1-score": 0.9664389215836041,
    "support": 10080.0
  }
}