{
  "0": {
    "precision": 0.7631224764468372,
    "recall": 0.8603945371775418,
    "f1-score": 0.8088445078459344,
    "support": 659.0
  },
  "1": {
    "precision": 0.8264150943396227,
    "recall": 0.7133550488599348,
    "f1-score": 0.7657342657342657,
    "support": 614.0
  },
  "accuracy": 0.7894736842105263,
  "macro avg": {
    "precision": 0.7947687853932299,
    "recall": 0.7868747930187383,
    "f1-score": 0.7872893867901001,
    "support": 1273.0
  },
  "weighted avg": {
    "precision": 0.7936501020447714,
    "recall": 0.7894736842105263,
    "f1-score": 0.7880513510065278,
    "support": 1273.0
  }
}