{
  "0": {
    "precision": 0.6486538834011234,
    "recall": 0.664484126984127,
    "f1-score": 0.6564735862001372,
    "support": 5040.0
  },
  "1": {
    "precision": 0.6560911124669514,
    "recall": 0.640079365079365,
    "f1-score": 0.64798634126745,
    "support": 5040.0
  },
  "accuracy": 0.652281746031746,
  "macro avg": {
    "precision": 0.6523724979340374,
    "recall": 0.652281746031746,
    "f1-score": 0.6522299637337936,
    "support": 10080.0
  },
  "weighted avg": {
    "precision": 0.6523724979340374,
    "recall": 0.652281746031746,
    "f1-score": 0.6522299637337936,
    "support": 10080.0
  }
}