{
  "0": {
    "precision": 0.805956678700361,
    "recall": 0.6885119506553585,
    "f1-score": 0.7426195426195427,
    "support": 1297.0
  },
  "1": {
    "precision": 0.49625935162094764,
    "recall": 0.6492659053833605,
    "f1-score": 0.5625441696113074,
    "support": 613.0
  },
  "accuracy": 0.6759162303664922,
  "macro avg": {
    "precision": 0.6511080151606543,
    "recall": 0.6688889280193595,
    "f1-score": 0.6525818561154251,
    "support": 1910.0
  },
  "weighted avg": {
    "precision": 0.7065616726795859,
    "recall": 0.6759162303664922,
    "f1-score": 0.6848257187168997,
    "support": 1910.0
  }
}