{
  "0": {
    "precision": 0.7925531914893617,
    "recall": 0.9190439475713185,
    "f1-score": 0.8511245983577294,
    "support": 1297.0
  },
  "1": {
    "precision": 0.7413793103448276,
    "recall": 0.4910277324632953,
    "f1-score": 0.5907752698724239,
    "support": 613.0
  },
  "accuracy": 0.7816753926701571,
  "macro avg": {
    "precision": 0.7669662509170947,
    "recall": 0.7050358400173069,
    "f1-score": 0.7209499341150767,
    "support": 1910.0
  },
  "weighted avg": {
    "precision": 0.7761293228288384,
    "recall": 0.7816753926701571,
    "f1-score": 0.7675674578543302,
    "support": 1910.0
  }
}