{
  "0": {
    "precision": 0.748730964467005,
    "recall": 0.8952959028831563,
    "f1-score": 0.8154803040774016,
    "support": 659.0
  },
  "1": {
    "precision": 0.8577319587628865,
    "recall": 0.6775244299674267,
    "f1-score": 0.7570518653321201,
    "support": 614.0
  },
  "accuracy": 0.7902592301649647,
  "macro avg": {
    "precision": 0.8032314616149459,
    "recall": 0.7864101664252915,
    "f1-score": 0.7862660847047609,
    "support": 1273.0
  },
  "weighted avg": {
    "precision": 0.8013048925877209,
    "recall": 0.7902592301649647,
    "f1-score": 0.7872987947375721,
    "support": 1273.0
  }
}