{
  "0": {
    "precision": 0.7870249017038008,
    "recall": 0.9259830377794911,
    "f1-score": 0.850867871059157,
    "support": 1297.0
  },
  "1": {
    "precision": 0.75,
    "recall": 0.4698205546492659,
    "f1-score": 0.5777331995987964,
    "support": 613.0
  },
  "accuracy": 0.7795811518324607,
  "macro avg": {
    "precision": 0.7685124508519003,
    "recall": 0.6979017962143785,
    "f1-score": 0.7143005353289766,
    "support": 1910.0
  },
  "weighted avg": {
    "precision": 0.7751420405810627,
    "recall": 0.7795811518324607,
    "f1-score": 0.7632073717894182,
    "support": 1910.0
  }
}