{
  "0": {
    "precision": 0.6387545929220654,
    "recall": 0.6553571428571429,
    "f1-score": 0.6469493683282734,
    "support": 5040.0
  },
  "1": {
    "precision": 0.6461601140761866,
    "recall": 0.6293650793650793,
    "f1-score": 0.6376520253291789,
    "support": 5040.0
  },
  "accuracy": 0.6423611111111112,
  "macro avg": {
    "precision": 0.642457353499126,
    "recall": 0.6423611111111112,
    "f1-score": 0.6423006968287261,
    "support": 10080.0
  },
  "weighted avg": {
    "precision": 0.6424573534991259,
    "recall": 0.6423611111111112,
    "f1-score": 0.642300696828726,
    "support": 10080.0
  }
}