{
  "0": {
    "precision": 0.7779850746268657,
    "recall": 0.6327769347496206,
    "f1-score": 0.697907949790795,
    "support": 659.0
  },
  "1": {
    "precision": 0.6716417910447762,
    "recall": 0.8061889250814332,
    "f1-score": 0.7327905255366395,
    "support": 614.0
  },
  "accuracy": 0.7164179104477612,
  "macro avg": {
    "precision": 0.7248134328358209,
    "recall": 0.719482929915527,
    "f1-score": 0.7153492376637172,
    "support": 1273.0
  },
  "weighted avg": {
    "precision": 0.7266930274003119,
    "recall": 0.7164179104477612,
    "f1-score": 0.7147326956729226,
    "support": 1273.0
  }
}