{
  "0": {
    "precision": 0.8148148148148148,
    "recall": 0.661526599845798,
    "f1-score": 0.7302127659574468,
    "support": 1297.0
  },
  "1": {
    "precision": 0.48774795799299886,
    "recall": 0.6818923327895595,
    "f1-score": 0.5687074829931973,
    "support": 613.0
  },
  "accuracy": 0.6680628272251309,
  "macro avg": {
    "precision": 0.6512813864039069,
    "recall": 0.6717094663176788,
    "f1-score": 0.649460124475322,
    "support": 1910.0
  },
  "weighted avg": {
    "precision": 0.7098451900861378,
    "recall": 0.6680628272251309,
    "f1-score": 0.6783788714772976,
    "support": 1910.0
  }
}