{
  "0": {
    "precision": 0.7493573264781491,
    "recall": 0.8846737481031867,
    "f1-score": 0.8114126652748782,
    "support": 659.0
  },
  "1": {
    "precision": 0.8464646464646465,
    "recall": 0.6824104234527687,
    "f1-score": 0.7556357078449053,
    "support": 614.0
  },
  "accuracy": 0.7871170463472114,
  "macro avg": {
    "precision": 0.7979109864713978,
    "recall": 0.7835420857779777,
    "f1-score": 0.7835241865598918,
    "support": 1273.0
  },
  "weighted avg": {
    "precision": 0.7961946355682586,
    "recall": 0.7871170463472114,
    "f1-score": 0.7845100322332417,
    "support": 1273.0
  }
}