{
  "0": {
    "precision": 0.7852393617021277,
    "recall": 0.9105628373168851,
    "f1-score": 0.8432702606212067,
    "support": 1297.0
  },
  "1": {
    "precision": 0.7142857142857143,
    "recall": 0.4730831973898858,
    "f1-score": 0.5691854759568205,
    "support": 613.0
  },
  "accuracy": 0.7701570680628272,
  "macro avg": {
    "precision": 0.749762537993921,
    "recall": 0.6918230173533855,
    "f1-score": 0.7062278682890135,
    "support": 1910.0
  },
  "weighted avg": {
    "precision": 0.7624673272171741,
    "recall": 0.7701570680628272,
    "f1-score": 0.7553048297315372,
    "support": 1910.0
  }
}