{
  "0": {
    "precision": 0.7382671480144405,
    "recall": 0.6206373292867982,
    "f1-score": 0.674361088211047,
    "support": 659.0
  },
  "1": {
    "precision": 0.6522948539638387,
    "recall": 0.7638436482084691,
    "f1-score": 0.7036759189797449,
    "support": 614.0
  },
  "accuracy": 0.6897093479968578,
  "macro avg": {
    "precision": 0.6952810009891396,
    "recall": 0.6922404887476337,
    "f1-score": 0.689018503595396,
    "support": 1273.0
  },
  "weighted avg": {
    "precision": 0.6968005427143074,
    "recall": 0.6897093479968578,
    "f1-score": 0.6885003702942996,
    "support": 1273.0
  }
}