{
  "0": {
    "precision": 0.6454422295335784,
    "recall": 0.6617063492063492,
    "f1-score": 0.6534731066914863,
    "support": 5040.0
  },
  "1": {
    "precision": 0.6529615306330144,
    "recall": 0.6365079365079365,
    "f1-score": 0.6446297598713956,
    "support": 5040.0
  },
  "accuracy": 0.6491071428571429,
  "macro avg": {
    "precision": 0.6492018800832964,
    "recall": 0.6491071428571429,
    "f1-score": 0.649051433281441,
    "support": 10080.0
  },
  "weighted avg": {
    "precision": 0.6492018800832964,
    "recall": 0.6491071428571429,
    "f1-score": 0.649051433281441,
    "support": 10080.0
  }
}