{
  "0": {
    "precision": 0.6400076716532412,
    "recall": 0.6621031746031746,
    "f1-score": 0.6508679539691827,
    "support": 5040.0
  },
  "1": {
    "precision": 0.6500205507603781,
    "recall": 0.6275793650793651,
    "f1-score": 0.6386028669493237,
    "support": 5040.0
  },
  "accuracy": 0.6448412698412699,
  "macro avg": {
    "precision": 0.6450141112068097,
    "recall": 0.6448412698412698,
    "f1-score": 0.6447354104592532,
    "support": 10080.0
  },
  "weighted avg": {
    "precision": 0.6450141112068096,
    "recall": 0.6448412698412699,
    "f1-score": 0.6447354104592532,
    "support": 10080.0
  }
}