{
  "0": {
    "precision": 0.7617391304347826,
    "recall": 0.6646433990895296,
    "f1-score": 0.7098865478119936,
    "support": 659.0
  },
  "1": {
    "precision": 0.6833810888252149,
    "recall": 0.7768729641693811,
    "f1-score": 0.7271341463414634,
    "support": 614.0
  },
  "accuracy": 0.7187745483110762,
  "macro avg": {
    "precision": 0.7225601096299987,
    "recall": 0.7207581816294554,
    "f1-score": 0.7185103470767285,
    "support": 1273.0
  },
  "weighted avg": {
    "precision": 0.7239450710881411,
    "recall": 0.7187745483110762,
    "f1-score": 0.718205499498635,
    "support": 1273.0
  }
}