{
  "0": {
    "precision": 0.8106841611996252,
    "recall": 0.6669236700077101,
    "f1-score": 0.7318104906937394,
    "support": 1297.0
  },
  "1": {
    "precision": 0.4875444839857651,
    "recall": 0.6704730831973899,
    "f1-score": 0.5645604395604396,
    "support": 613.0
  },
  "accuracy": 0.6680628272251309,
  "macro avg": {
    "precision": 0.6491143225926952,
    "recall": 0.66869837660255,
    "f1-score": 0.6481854651270895,
    "support": 1910.0
  },
  "weighted avg": {
    "precision": 0.7069749349524543,
    "recall": 0.6680628272251309,
    "f1-score": 0.6781328564818478,
    "support": 1910.0
  }
}