{
  "0": {
    "precision": 0.7727272727272727,
    "recall": 0.8512898330804249,
    "f1-score": 0.8101083032490974,
    "support": 659.0
  },
  "1": {
    "precision": 0.8208409506398537,
    "recall": 0.7312703583061889,
    "f1-score": 0.7734711455641688,
    "support": 614.0
  },
  "accuracy": 0.793401413982718,
  "macro avg": {
    "precision": 0.7967841116835632,
    "recall": 0.7912800956933069,
    "f1-score": 0.7917897244066332,
    "support": 1273.0
  },
  "weighted avg": {
    "precision": 0.7959337128202222,
    "recall": 0.793401413982718,
    "f1-score": 0.7924372782541673,
    "support": 1273.0
  }
}