{
  "0": {
    "precision": 0.9504069657391634,
    "recall": 0.9962301587301587,
    "f1-score": 0.972779230843747,
    "support": 5040.0
  },
  "1": {
    "precision": 0.9960391911611424,
    "recall": 0.948015873015873,
    "f1-score": 0.9714343804005287,
    "support": 5040.0
  },
  "accuracy": 0.9721230158730159,
  "macro avg": {
    "precision": 0.9732230784501529,
    "recall": 0.9721230158730159,
    "f1-score": 0.9721068056221378,
    "support": 10080.0
  },
  "weighted avg": {
    "precision": 0.973223078450153,
    "recall": 0.9721230158730159,
    "f1-score": 0.9721068056221377,
    "support": 10080.0
  }
}