{
  "0": {
    "precision": 0.7916390179163901,
    "recall": 0.9198149575944488,
    "f1-score": 0.8509272467902995,
    "support": 1297.0
  },
  "1": {
    "precision": 0.7419354838709677,
    "recall": 0.48776508972267535,
    "f1-score": 0.5885826771653543,
    "support": 613.0
  },
  "accuracy": 0.7811518324607329,
  "macro avg": {
    "precision": 0.7667872508936789,
    "recall": 0.703790023658562,
    "f1-score": 0.719754961977827,
    "support": 1910.0
  },
  "weighted avg": {
    "precision": 0.7756870459950059,
    "recall": 0.7811518324607329,
    "f1-score": 0.7667297487902517,
    "support": 1910.0
  }
}