{
  "0": {
    "precision": 0.7512820512820513,
    "recall": 0.8892261001517451,
    "f1-score": 0.8144544822793607,
    "support": 659.0
  },
  "1": {
    "precision": 0.8519269776876268,
    "recall": 0.6840390879478827,
    "f1-score": 0.7588075880758808,
    "support": 614.0
  },
  "accuracy": 0.7902592301649647,
  "macro avg": {
    "precision": 0.801604514484839,
    "recall": 0.7866325940498139,
    "f1-score": 0.7866310351776207,
    "support": 1273.0
  },
  "weighted avg": {
    "precision": 0.7998256371524546,
    "recall": 0.7902592301649647,
    "f1-score": 0.7876145820115392,
    "support": 1273.0
  }
}