{
  "0": {
    "precision": 0.6482732008489291,
    "recall": 0.6666666666666666,
    "f1-score": 0.657341289249731,
    "support": 5040.0
  },
  "1": {
    "precision": 0.6569328160098019,
    "recall": 0.6382936507936507,
    "f1-score": 0.6474791184462111,
    "support": 5040.0
  },
  "accuracy": 0.6524801587301587,
  "macro avg": {
    "precision": 0.6526030084293655,
    "recall": 0.6524801587301587,
    "f1-score": 0.6524102038479711,
    "support": 10080.0
  },
  "weighted avg": {
    "precision": 0.6526030084293655,
    "recall": 0.6524801587301587,
    "f1-score": 0.6524102038479711,
    "support": 10080.0
  }
}