{
  "0": {
    "precision": 0.7411971830985915,
    "recall": 0.6388467374810318,
    "f1-score": 0.6862265688671557,
    "support": 659.0
  },
  "1": {
    "precision": 0.6624113475177305,
    "recall": 0.760586319218241,
    "f1-score": 0.7081122062168309,
    "support": 614.0
  },
  "accuracy": 0.6975648075412412,
  "macro avg": {
    "precision": 0.701804265308161,
    "recall": 0.6997165283496365,
    "f1-score": 0.6971693875419933,
    "support": 1273.0
  },
  "weighted avg": {
    "precision": 0.7031967879323316,
    "recall": 0.6975648075412412,
    "f1-score": 0.6967825636296856,
    "support": 1273.0
  }
}