{
  "0": {
    "precision": 0.8044444444444444,
    "recall": 0.6977640709329221,
    "f1-score": 0.7473162675474814,
    "support": 1297.0
  },
  "1": {
    "precision": 0.5006369426751592,
    "recall": 0.6411092985318108,
    "f1-score": 0.5622317596566524,
    "support": 613.0
  },
  "accuracy": 0.6795811518324607,
  "macro avg": {
    "precision": 0.6525406935598018,
    "recall": 0.6694366847323665,
    "f1-score": 0.6547740136020669,
    "support": 1910.0
  },
  "weighted avg": {
    "precision": 0.7069397331436215,
    "recall": 0.6795811518324607,
    "f1-score": 0.6879147998317335,
    "support": 1910.0
  }
}