{
  "0": {
    "precision": 0.6460889570552147,
    "recall": 0.6686507936507936,
    "f1-score": 0.657176287051482,
    "support": 5040.0
  },
  "1": {
    "precision": 0.6566611842105263,
    "recall": 0.6337301587301587,
    "f1-score": 0.6449919224555735,
    "support": 5040.0
  },
  "accuracy": 0.6511904761904762,
  "macro avg": {
    "precision": 0.6513750706328705,
    "recall": 0.6511904761904761,
    "f1-score": 0.6510841047535277,
    "support": 10080.0
  },
  "weighted avg": {
    "precision": 0.6513750706328705,
    "recall": 0.6511904761904762,
    "f1-score": 0.6510841047535277,
    "support": 10080.0
  }
}