{
  "0": {
    "precision": 0.8038321167883211,
    "recall": 0.6792598303777949,
    "f1-score": 0.7363142498955286,
    "support": 1297.0
  },
  "1": {
    "precision": 0.48894348894348894,
    "recall": 0.6492659053833605,
    "f1-score": 0.5578135949544499,
    "support": 613.0
  },
  "accuracy": 0.6696335078534031,
  "macro avg": {
    "precision": 0.646387802865905,
    "recall": 0.6642628678805778,
    "f1-score": 0.6470639224249892,
    "support": 1910.0
  },
  "weighted avg": {
    "precision": 0.7027710021972834,
    "recall": 0.6696335078534031,
    "f1-score": 0.6790258198018736,
    "support": 1910.0
  }
}