{
  "0": {
    "precision": 0.7460869565217392,
    "recall": 0.6509863429438544,
    "f1-score": 0.6952998379254457,
    "support": 659.0
  },
  "1": {
    "precision": 0.670487106017192,
    "recall": 0.762214983713355,
    "f1-score": 0.7134146341463414,
    "support": 614.0
  },
  "accuracy": 0.7046347211311862,
  "macro avg": {
    "precision": 0.7082870312694656,
    "recall": 0.7066006633286047,
    "f1-score": 0.7043572360358936,
    "support": 1273.0
  },
  "weighted avg": {
    "precision": 0.7096232422956654,
    "recall": 0.7046347211311862,
    "f1-score": 0.7040370609259406,
    "support": 1273.0
  }
}