{
  "0": {
    "precision": 0.7971602434077079,
    "recall": 0.9090208172706246,
    "f1-score": 0.8494236311239193,
    "support": 1297.0
  },
  "1": {
    "precision": 0.7262180974477959,
    "recall": 0.5106035889070146,
    "f1-score": 0.5996168582375478,
    "support": 613.0
  },
  "accuracy": 0.7811518324607329,
  "macro avg": {
    "precision": 0.7616891704277519,
    "recall": 0.7098122030888196,
    "f1-score": 0.7245202446807335,
    "support": 1910.0
  },
  "weighted avg": {
    "precision": 0.7743919002279036,
    "recall": 0.7811518324607329,
    "f1-score": 0.7692500438048901,
    "support": 1910.0
  }
}