{
  "0": {
    "precision": 0.9454066265060241,
    "recall": 0.9964285714285714,
    "f1-score": 0.9702472952086554,
    "support": 5040.0
  },
  "1": {
    "precision": 0.9962248322147651,
    "recall": 0.9424603174603174,
    "f1-score": 0.9685970636215334,
    "support": 5040.0
  },
  "accuracy": 0.9694444444444444,
  "macro avg": {
    "precision": 0.9708157293603946,
    "recall": 0.9694444444444444,
    "f1-score": 0.9694221794150943,
    "support": 10080.0
  },
  "weighted avg": {
    "precision": 0.9708157293603945,
    "recall": 0.9694444444444444,
    "f1-score": 0.9694221794150945,
    "support": 10080.0
  }
}