{
  "0": {
    "precision": 0.753968253968254,
    "recall": 0.8649468892261002,
    "f1-score": 0.8056537102473498,
    "support": 659.0
  },
  "1": {
    "precision": 0.8278529980657641,
    "recall": 0.6970684039087948,
    "f1-score": 0.7568523430592397,
    "support": 614.0
  },
  "accuracy": 0.783974862529458,
  "macro avg": {
    "precision": 0.790910626017009,
    "recall": 0.7810076465674475,
    "f1-score": 0.7812530266532947,
    "support": 1273.0
  },
  "weighted avg": {
    "precision": 0.7896047291260475,
    "recall": 0.783974862529458,
    "f1-score": 0.7821155802760225,
    "support": 1273.0
  }
}