{
  "0": {
    "precision": 0.7903118779031187,
    "recall": 0.9182729375481882,
    "f1-score": 0.8495007132667618,
    "support": 1297.0
  },
  "1": {
    "precision": 0.7369727047146402,
    "recall": 0.48450244698205547,
    "f1-score": 0.5846456692913385,
    "support": 613.0
  },
  "accuracy": 0.7790575916230367,
  "macro avg": {
    "precision": 0.7636422913088794,
    "recall": 0.7013876922651219,
    "f1-score": 0.7170731912790502,
    "support": 1910.0
  },
  "weighted avg": {
    "precision": 0.7731930751991725,
    "recall": 0.7790575916230367,
    "f1-score": 0.764497497582503,
    "support": 1910.0
  }
}