{
  "0": {
    "precision": 0.9444862627022959,
    "recall": 0.9958333333333333,
    "f1-score": 0.9694803940506085,
    "support": 5040.0
  },
  "1": {
    "precision": 0.9955937893411666,
    "recall": 0.941468253968254,
    "f1-score": 0.967774831735672,
    "support": 5040.0
  },
  "accuracy": 0.9686507936507937,
  "macro avg": {
    "precision": 0.9700400260217312,
    "recall": 0.9686507936507937,
    "f1-score": 0.9686276128931403,
    "support": 10080.0
  },
  "weighted avg": {
    "precision": 0.9700400260217311,
    "recall": 0.9686507936507937,
    "f1-score": 0.9686276128931403,
    "support": 10080.0
  }
}