{
  "0": {
    "precision": 0.7668463611859838,
    "recall": 0.8634294385432474,
    "f1-score": 0.8122769450392576,
    "support": 659.0
  },
  "1": {
    "precision": 0.8305084745762712,
    "recall": 0.7182410423452769,
    "f1-score": 0.7703056768558952,
    "support": 614.0
  },
  "accuracy": 0.793401413982718,
  "macro avg": {
    "precision": 0.7986774178811276,
    "recall": 0.7908352404442621,
    "f1-score": 0.7912913109475764,
    "support": 1273.0
  },
  "weighted avg": {
    "precision": 0.797552203779571,
    "recall": 0.793401413982718,
    "f1-score": 0.7920331440458684,
    "support": 1273.0
  }
}