{
  "0": {
    "precision": 0.7993174061433447,
    "recall": 0.9028527370855821,
    "f1-score": 0.8479362780593772,
    "support": 1297.0
  },
  "1": {
    "precision": 0.7168539325842697,
    "recall": 0.5203915171288744,
    "f1-score": 0.6030245746691871,
    "support": 613.0
  },
  "accuracy": 0.7801047120418848,
  "macro avg": {
    "precision": 0.7580856693638072,
    "recall": 0.7116221271072283,
    "f1-score": 0.7254804263642822,
    "support": 1910.0
  },
  "weighted avg": {
    "precision": 0.7728513803361652,
    "recall": 0.7801047120418848,
    "f1-score": 0.7693337261336252,
    "support": 1910.0
  }
}