{
  "0": {
    "precision": 0.7655826558265583,
    "recall": 0.8573596358118362,
    "f1-score": 0.8088761632068718,
    "support": 659.0
  },
  "1": {
    "precision": 0.8242990654205608,
    "recall": 0.7182410423452769,
    "f1-score": 0.7676240208877284,
    "support": 614.0
  },
  "accuracy": 0.7902592301649647,
  "macro avg": {
    "precision": 0.7949408606235595,
    "recall": 0.7878003390785565,
    "f1-score": 0.7882500920473001,
    "support": 1273.0
  },
  "weighted avg": {
    "precision": 0.7939030607682059,
    "recall": 0.7902592301649647,
    "f1-score": 0.7889792147512913,
    "support": 1273.0
  }
}