{
  "0": {
    "precision": 0.9457115928369463,
    "recall": 0.995436507936508,
    "f1-score": 0.9699371677138714,
    "support": 5040.0
  },
  "1": {
    "precision": 0.9951832460732984,
    "recall": 0.9428571428571428,
    "f1-score": 0.9683138053998981,
    "support": 5040.0
  },
  "accuracy": 0.9691468253968254,
  "macro avg": {
    "precision": 0.9704474194551224,
    "recall": 0.9691468253968254,
    "f1-score": 0.9691254865568848,
    "support": 10080.0
  },
  "weighted avg": {
    "precision": 0.9704474194551224,
    "recall": 0.9691468253968254,
    "f1-score": 0.9691254865568847,
    "support": 10080.0
  }
}