{
  "0": {
    "precision": 0.7971409121851599,
    "recall": 0.9028527370855821,
    "f1-score": 0.8467100506146059,
    "support": 1297.0
  },
  "1": {
    "precision": 0.7142857142857143,
    "recall": 0.5138662316476346,
    "f1-score": 0.5977229601518027,
    "support": 613.0
  },
  "accuracy": 0.7780104712041885,
  "macro avg": {
    "precision": 0.7557133132354371,
    "recall": 0.7083594843666083,
    "f1-score": 0.7222165053832044,
    "support": 1910.0
  },
  "weighted avg": {
    "precision": 0.7705491654247619,
    "recall": 0.7780104712041885,
    "f1-score": 0.7667995341467011,
    "support": 1910.0
  }
}