{
  "0": {
    "precision": 0.643407864302236,
    "recall": 0.6623015873015873,
    "f1-score": 0.6527180289401643,
    "support": 5040.0
  },
  "1": {
    "precision": 0.6520850367947669,
    "recall": 0.6329365079365079,
    "f1-score": 0.6423681031010874,
    "support": 5040.0
  },
  "accuracy": 0.6476190476190476,
  "macro avg": {
    "precision": 0.6477464505485014,
    "recall": 0.6476190476190475,
    "f1-score": 0.6475430660206258,
    "support": 10080.0
  },
  "weighted avg": {
    "precision": 0.6477464505485014,
    "recall": 0.6476190476190476,
    "f1-score": 0.6475430660206258,
    "support": 10080.0
  }
}