{
  "0": {
    "precision": 0.7575757575757576,
    "recall": 0.644916540212443,
    "f1-score": 0.6967213114754098,
    "support": 659.0
  },
  "1": {
    "precision": 0.6713483146067416,
    "recall": 0.7785016286644951,
    "f1-score": 0.7209653092006033,
    "support": 614.0
  },
  "accuracy": 0.7093479968578161,
  "macro avg": {
    "precision": 0.7144620360912496,
    "recall": 0.711709084438469,
    "f1-score": 0.7088433103380065,
    "support": 1273.0
  },
  "weighted avg": {
    "precision": 0.7159860875184317,
    "recall": 0.7093479968578161,
    "f1-score": 0.7084148029155267,
    "support": 1273.0
  }
}