{
  "0": {
    "precision": 0.8025594149908593,
    "recall": 0.676946800308404,
    "f1-score": 0.7344207444583856,
    "support": 1297.0
  },
  "1": {
    "precision": 0.48651960784313725,
    "recall": 0.6476345840130505,
    "f1-score": 0.5556333100069979,
    "support": 613.0
  },
  "accuracy": 0.6675392670157068,
  "macro avg": {
    "precision": 0.6445395114169983,
    "recall": 0.6622906921607272,
    "f1-score": 0.6450270272326917,
    "support": 1910.0
  },
  "weighted avg": {
    "precision": 0.7011288381418783,
    "recall": 0.6675392670157068,
    "f1-score": 0.6770402746580187,
    "support": 1910.0
  }
}