{
  "0": {
    "precision": 0.7549194991055456,
    "recall": 0.6403641881638846,
    "f1-score": 0.6929392446633826,
    "support": 659.0
  },
  "1": {
    "precision": 0.6680672268907563,
    "recall": 0.7768729641693811,
    "f1-score": 0.7183734939759037,
    "support": 614.0
  },
  "accuracy": 0.7062058130400628,
  "macro avg": {
    "precision": 0.7114933629981509,
    "recall": 0.7086185761666328,
    "f1-score": 0.7056563693196432,
    "support": 1273.0
  },
  "weighted avg": {
    "precision": 0.7130284581472732,
    "recall": 0.7062058130400628,
    "f1-score": 0.7052068244574815,
    "support": 1273.0
  }
}