{
  "0": {
    "precision": 0.6493028659953525,
    "recall": 0.6652777777777777,
    "f1-score": 0.6571932575460604,
    "support": 5040.0
  },
  "1": {
    "precision": 0.6568348250610252,
    "recall": 0.6406746031746032,
    "f1-score": 0.6486540779429489,
    "support": 5040.0
  },
  "accuracy": 0.6529761904761905,
  "macro avg": {
    "precision": 0.6530688455281888,
    "recall": 0.6529761904761905,
    "f1-score": 0.6529236677445047,
    "support": 10080.0
  },
  "weighted avg": {
    "precision": 0.6530688455281889,
    "recall": 0.6529761904761905,
    "f1-score": 0.6529236677445046,
    "support": 10080.0
  }
}