{
  "0": {
    "precision": 0.8064814814814815,
    "recall": 0.6715497301464919,
    "f1-score": 0.7328565418594868,
    "support": 1297.0
  },
  "1": {
    "precision": 0.4867469879518072,
    "recall": 0.6590538336052202,
    "f1-score": 0.5599445599445599,
    "support": 613.0
  },
  "accuracy": 0.6675392670157068,
  "macro avg": {
    "precision": 0.6466142347166444,
    "recall": 0.665301781875856,
    "f1-score": 0.6464005509020234,
    "support": 1910.0
  },
  "weighted avg": {
    "precision": 0.7038651230868792,
    "recall": 0.6675392670157068,
    "f1-score": 0.6773617539464762,
    "support": 1910.0
  }
}