{
  "0": {
    "precision": 0.8089171974522293,
    "recall": 0.6854279105628374,
    "f1-score": 0.7420701168614358,
    "support": 1297.0
  },
  "1": {
    "precision": 0.4969173859432799,
    "recall": 0.6574225122349103,
    "f1-score": 0.5660112359550562,
    "support": 613.0
  },
  "accuracy": 0.6764397905759162,
  "macro avg": {
    "precision": 0.6529172916977546,
    "recall": 0.6714252113988739,
    "f1-score": 0.654040676408246,
    "support": 1910.0
  },
  "weighted avg": {
    "precision": 0.7087832265333884,
    "recall": 0.6764397905759163,
    "f1-score": 0.6855653556071892,
    "support": 1910.0
  }
}