{
  "0": {
    "precision": 0.642428930574357,
    "recall": 0.6591269841269841,
    "f1-score": 0.6506708451669768,
    "support": 5040.0
  },
  "1": {
    "precision": 0.6500305561214097,
    "recall": 0.6331349206349206,
    "f1-score": 0.6414715046738365,
    "support": 5040.0
  },
  "accuracy": 0.6461309523809524,
  "macro avg": {
    "precision": 0.6462297433478834,
    "recall": 0.6461309523809524,
    "f1-score": 0.6460711749204067,
    "support": 10080.0
  },
  "weighted avg": {
    "precision": 0.6462297433478833,
    "recall": 0.6461309523809524,
    "f1-score": 0.6460711749204067,
    "support": 10080.0
  }
}