{
  "0": {
    "precision": 0.7611408199643493,
    "recall": 0.6479514415781487,
    "f1-score": 0.7,
    "support": 659.0
  },
  "1": {
    "precision": 0.6741573033707865,
    "recall": 0.7817589576547231,
    "f1-score": 0.7239819004524887,
    "support": 614.0
  },
  "accuracy": 0.7124901806755696,
  "macro avg": {
    "precision": 0.7176490616675679,
    "recall": 0.7148551996164358,
    "f1-score": 0.7119909502262443,
    "support": 1273.0
  },
  "weighted avg": {
    "precision": 0.719186476532733,
    "recall": 0.7124901806755696,
    "f1-score": 0.7115670753164399,
    "support": 1273.0
  }
}