{
  "0": {
    "precision": 0.7894389438943894,
    "recall": 0.9221279876638396,
    "f1-score": 0.8506401137980085,
    "support": 1297.0
  },
  "1": {
    "precision": 0.7443037974683544,
    "recall": 0.4796084828711256,
    "f1-score": 0.5833333333333334,
    "support": 613.0
  },
  "accuracy": 0.7801047120418848,
  "macro avg": {
    "precision": 0.7668713706813719,
    "recall": 0.7008682352674827,
    "f1-score": 0.716986723565671,
    "support": 1910.0
  },
  "weighted avg": {
    "precision": 0.7749531612979709,
    "recall": 0.7801047120418848,
    "f1-score": 0.7648500319001835,
    "support": 1910.0
  }
}