{
  "0": {
    "precision": 0.752258064516129,
    "recall": 0.8846737481031867,
    "f1-score": 0.8131101813110181,
    "support": 659.0
  },
  "1": {
    "precision": 0.8473895582329317,
    "recall": 0.6872964169381107,
    "f1-score": 0.7589928057553957,
    "support": 614.0
  },
  "accuracy": 0.7894736842105263,
  "macro avg": {
    "precision": 0.7998238113745304,
    "recall": 0.7859850825206487,
    "f1-score": 0.7860514935332069,
    "support": 1273.0
  },
  "weighted avg": {
    "precision": 0.7981423827738798,
    "recall": 0.7894736842105263,
    "f1-score": 0.787008006455439,
    "support": 1273.0
  }
}