{
  "0": {
    "precision": 0.7679856115107914,
    "recall": 0.6479514415781487,
    "f1-score": 0.702880658436214,
    "support": 659.0
  },
  "1": {
    "precision": 0.6764295676429568,
    "recall": 0.7899022801302932,
    "f1-score": 0.7287753568745304,
    "support": 614.0
  },
  "accuracy": 0.7164179104477612,
  "macro avg": {
    "precision": 0.722207589576874,
    "recall": 0.718926860854221,
    "f1-score": 0.7158280076553722,
    "support": 1273.0
  },
  "weighted avg": {
    "precision": 0.7238258228738311,
    "recall": 0.7164179104477612,
    "f1-score": 0.7153703244543806,
    "support": 1273.0
  }
}