{
  "0": {
    "precision": 0.8112701252236136,
    "recall": 0.6993060909791827,
    "f1-score": 0.7511387163561076,
    "support": 1297.0
  },
  "1": {
    "precision": 0.5075757575757576,
    "recall": 0.6557911908646004,
    "f1-score": 0.5722419928825623,
    "support": 613.0
  },
  "accuracy": 0.6853403141361256,
  "macro avg": {
    "precision": 0.6594229413996856,
    "recall": 0.6775486409218916,
    "f1-score": 0.6616903546193349,
    "support": 1910.0
  },
  "weighted avg": {
    "precision": 0.7138017234601917,
    "recall": 0.6853403141361256,
    "f1-score": 0.6937231710737604,
    "support": 1910.0
  }
}