{
  "0": {
    "precision": 0.6483026188166828,
    "recall": 0.6630952380952381,
    "f1-score": 0.6556154977930359,
    "support": 5040.0
  },
  "1": {
    "precision": 0.655228426395939,
    "recall": 0.6402777777777777,
    "f1-score": 0.6476668339187155,
    "support": 5040.0
  },
  "accuracy": 0.651686507936508,
  "macro avg": {
    "precision": 0.6517655226063109,
    "recall": 0.651686507936508,
    "f1-score": 0.6516411658558756,
    "support": 10080.0
  },
  "weighted avg": {
    "precision": 0.6517655226063109,
    "recall": 0.651686507936508,
    "f1-score": 0.6516411658558756,
    "support": 10080.0
  }
}