{
  "0": {
    "precision": 0.6505698280857639,
    "recall": 0.6682539682539682,
    "f1-score": 0.6592933346383478,
    "support": 5040.0
  },
  "1": {
    "precision": 0.6589842953293902,
    "recall": 0.6410714285714286,
    "f1-score": 0.6499044553957558,
    "support": 5040.0
  },
  "accuracy": 0.6546626984126984,
  "macro avg": {
    "precision": 0.654777061707577,
    "recall": 0.6546626984126984,
    "f1-score": 0.6545988950170518,
    "support": 10080.0
  },
  "weighted avg": {
    "precision": 0.654777061707577,
    "recall": 0.6546626984126984,
    "f1-score": 0.6545988950170519,
    "support": 10080.0
  }
}