{
  "0": {
    "precision": 0.7375,
    "recall": 0.6267071320182094,
    "f1-score": 0.6776045939294504,
    "support": 659.0
  },
  "1": {
    "precision": 0.6549789621318373,
    "recall": 0.760586319218241,
    "f1-score": 0.7038432554634514,
    "support": 614.0
  },
  "accuracy": 0.6912804399057345,
  "macro avg": {
    "precision": 0.6962394810659187,
    "recall": 0.6936467256182253,
    "f1-score": 0.6907239246964509,
    "support": 1273.0
  },
  "weighted avg": {
    "precision": 0.6976980225836199,
    "recall": 0.6912804399057345,
    "f1-score": 0.6902601620220479,
    "support": 1273.0
  }
}