{
  "0": {
    "precision": 0.8014375561545373,
    "recall": 0.6877409406322282,
    "f1-score": 0.7402489626556017,
    "support": 1297.0
  },
  "1": {
    "precision": 0.4918444165621079,
    "recall": 0.6394779771615008,
    "f1-score": 0.5560283687943263,
    "support": 613.0
  },
  "accuracy": 0.6722513089005235,
  "macro avg": {
    "precision": 0.6466409863583226,
    "recall": 0.6636094588968645,
    "f1-score": 0.6481386657249639,
    "support": 1910.0
  },
  "weighted avg": {
    "precision": 0.7020759883167575,
    "recall": 0.6722513089005235,
    "f1-score": 0.6811247615891295,
    "support": 1910.0
  }
}