{
  "0": {
    "precision": 0.647751399343756,
    "recall": 0.6658730158730158,
    "f1-score": 0.6566872126015068,
    "support": 5040.0
  },
  "1": {
    "precision": 0.6562563788528271,
    "recall": 0.6378968253968254,
    "f1-score": 0.6469463728745347,
    "support": 5040.0
  },
  "accuracy": 0.6518849206349207,
  "macro avg": {
    "precision": 0.6520038890982915,
    "recall": 0.6518849206349207,
    "f1-score": 0.6518167927380207,
    "support": 10080.0
  },
  "weighted avg": {
    "precision": 0.6520038890982915,
    "recall": 0.6518849206349207,
    "f1-score": 0.6518167927380207,
    "support": 10080.0
  }
}