{
  "0": {
    "precision": 0.8029465930018416,
    "recall": 0.6723207401696222,
    "f1-score": 0.73185060847671,
    "support": 1297.0
  },
  "1": {
    "precision": 0.4842233009708738,
    "recall": 0.6508972267536705,
    "f1-score": 0.5553235908141962,
    "support": 613.0
  },
  "accuracy": 0.6654450261780105,
  "macro avg": {
    "precision": 0.6435849469863577,
    "recall": 0.6616089834616463,
    "f1-score": 0.6435870996454531,
    "support": 1910.0
  },
  "weighted avg": {
    "precision": 0.7006547720515885,
    "recall": 0.6654450261780105,
    "f1-score": 0.6751956022845,
    "support": 1910.0
  }
}