{
  "0": {
    "precision": 0.7517605633802817,
    "recall": 0.6479514415781487,
    "f1-score": 0.6960065199674002,
    "support": 659.0
  },
  "1": {
    "precision": 0.6709219858156028,
    "recall": 0.7703583061889251,
    "f1-score": 0.7172100075815011,
    "support": 614.0
  },
  "accuracy": 0.7069913589945012,
  "macro avg": {
    "precision": 0.7113412745979423,
    "recall": 0.7091548738835369,
    "f1-score": 0.7066082637744506,
    "support": 1273.0
  },
  "weighted avg": {
    "precision": 0.7127700789932331,
    "recall": 0.7069913589945012,
    "f1-score": 0.7062334967113577,
    "support": 1273.0
  }
}