{
  "0": {
    "precision": 0.7391304347826086,
    "recall": 0.644916540212443,
    "f1-score": 0.6888168557536467,
    "support": 659.0
  },
  "1": {
    "precision": 0.664756446991404,
    "recall": 0.755700325732899,
    "f1-score": 0.7073170731707317,
    "support": 614.0
  },
  "accuracy": 0.6983503534956795,
  "macro avg": {
    "precision": 0.7019434408870063,
    "recall": 0.700308432972671,
    "f1-score": 0.6980669644621892,
    "support": 1273.0
  },
  "weighted avg": {
    "precision": 0.7032579850545649,
    "recall": 0.6983503534956795,
    "f1-score": 0.6977399771158542,
    "support": 1273.0
  }
}