{
  "0": {
    "precision": 0.8007246376811594,
    "recall": 0.6815728604471858,
    "f1-score": 0.736359850062474,
    "support": 1297.0
  },
  "1": {
    "precision": 0.48759305210918114,
    "recall": 0.6411092985318108,
    "f1-score": 0.5539112050739958,
    "support": 613.0
  },
  "accuracy": 0.668586387434555,
  "macro avg": {
    "precision": 0.6441588448951703,
    "recall": 0.6613410794894983,
    "f1-score": 0.6451355275682349,
    "support": 1910.0
  },
  "weighted avg": {
    "precision": 0.7002274324687915,
    "recall": 0.668586387434555,
    "f1-score": 0.6778043425347582,
    "support": 1910.0
  }
}