{
  "0": {
    "precision": 0.6477623456790124,
    "recall": 0.6662698412698412,
    "f1-score": 0.656885758998435,
    "support": 5040.0
  },
  "1": {
    "precision": 0.6564542483660131,
    "recall": 0.6376984126984127,
    "f1-score": 0.6469404186795491,
    "support": 5040.0
  },
  "accuracy": 0.651984126984127,
  "macro avg": {
    "precision": 0.6521082970225127,
    "recall": 0.6519841269841269,
    "f1-score": 0.6519130888389921,
    "support": 10080.0
  },
  "weighted avg": {
    "precision": 0.6521082970225127,
    "recall": 0.651984126984127,
    "f1-score": 0.6519130888389921,
    "support": 10080.0
  }
}