{
  "0": {
    "precision": 0.8099173553719008,
    "recall": 0.6800308404009252,
    "f1-score": 0.7393126571668064,
    "support": 1297.0
  },
  "1": {
    "precision": 0.4945188794153471,
    "recall": 0.6623164763458401,
    "f1-score": 0.5662482566248257,
    "support": 613.0
  },
  "accuracy": 0.6743455497382199,
  "macro avg": {
    "precision": 0.6522181173936239,
    "recall": 0.6711736583733827,
    "f1-score": 0.652780456895816,
    "support": 1910.0
  },
  "weighted avg": {
    "precision": 0.7086926088999808,
    "recall": 0.6743455497382199,
    "f1-score": 0.6837689516525476,
    "support": 1910.0
  }
}