{
  "0": {
    "precision": 0.6463604515375633,
    "recall": 0.6589285714285714,
    "f1-score": 0.6525840047160543,
    "support": 5040.0
  },
  "1": {
    "precision": 0.6521651153379199,
    "recall": 0.6394841269841269,
    "f1-score": 0.6457623722700861,
    "support": 5040.0
  },
  "accuracy": 0.6492063492063492,
  "macro avg": {
    "precision": 0.6492627834377416,
    "recall": 0.6492063492063491,
    "f1-score": 0.6491731884930703,
    "support": 10080.0
  },
  "weighted avg": {
    "precision": 0.6492627834377415,
    "recall": 0.6492063492063492,
    "f1-score": 0.6491731884930702,
    "support": 10080.0
  }
}