{
  "0": {
    "precision": 0.7556719022687609,
    "recall": 0.6570561456752656,
    "f1-score": 0.702922077922078,
    "support": 659.0
  },
  "1": {
    "precision": 0.6771428571428572,
    "recall": 0.7719869706840391,
    "f1-score": 0.7214611872146118,
    "support": 614.0
  },
  "accuracy": 0.7124901806755696,
  "macro avg": {
    "precision": 0.716407379705809,
    "recall": 0.7145215581796523,
    "f1-score": 0.7121916325683448,
    "support": 1273.0
  },
  "weighted avg": {
    "precision": 0.7177953636141616,
    "recall": 0.7124901806755696,
    "f1-score": 0.711863957816513,
    "support": 1273.0
  }
}