{
  "0": {
    "precision": 0.7877984084880637,
    "recall": 0.9159599074787972,
    "f1-score": 0.8470588235294118,
    "support": 1297.0
  },
  "1": {
    "precision": 0.7288557213930348,
    "recall": 0.47797716150081565,
    "f1-score": 0.5773399014778325,
    "support": 613.0
  },
  "accuracy": 0.775392670157068,
  "macro avg": {
    "precision": 0.7583270649405492,
    "recall": 0.6969685344898064,
    "f1-score": 0.7121993625036221,
    "support": 1910.0
  },
  "weighted avg": {
    "precision": 0.7688812005355754,
    "recall": 0.775392670157068,
    "f1-score": 0.7604945831013393,
    "support": 1910.0
  }
}