{
  "0": {
    "precision": 0.7418136020151134,
    "recall": 0.8937784522003035,
    "f1-score": 0.8107364074328974,
    "support": 659.0
  },
  "1": {
    "precision": 0.8538622129436325,
    "recall": 0.6661237785016286,
    "f1-score": 0.7483989021043,
    "support": 614.0
  },
  "accuracy": 0.783974862529458,
  "macro avg": {
    "precision": 0.7978379074793729,
    "recall": 0.7799511153509661,
    "f1-score": 0.7795676547685988,
    "support": 1273.0
  },
  "weighted avg": {
    "precision": 0.7958574724865279,
    "recall": 0.783974862529458,
    "f1-score": 0.7806694567088136,
    "support": 1273.0
  }
}