{
  "0": {
    "precision": 0.7946666666666666,
    "recall": 0.9190439475713185,
    "f1-score": 0.8523417947801215,
    "support": 1297.0
  },
  "1": {
    "precision": 0.7439024390243902,
    "recall": 0.49755301794453505,
    "f1-score": 0.5962854349951124,
    "support": 613.0
  },
  "accuracy": 0.7837696335078534,
  "macro avg": {
    "precision": 0.7692845528455284,
    "recall": 0.7082984827579267,
    "f1-score": 0.724313614887617,
    "support": 1910.0
  },
  "weighted avg": {
    "precision": 0.778374273187758,
    "recall": 0.7837696335078534,
    "f1-score": 0.7701624499904824,
    "support": 1910.0
  }
}