{
  "0": {
    "precision": 0.6466602129719264,
    "recall": 0.6626984126984127,
    "f1-score": 0.6545810877021068,
    "support": 5040.0
  },
  "1": {
    "precision": 0.6541200406917599,
    "recall": 0.6378968253968254,
    "f1-score": 0.645906579608237,
    "support": 5040.0
  },
  "accuracy": 0.6502976190476191,
  "macro avg": {
    "precision": 0.6503901268318432,
    "recall": 0.6502976190476191,
    "f1-score": 0.6502438336551719,
    "support": 10080.0
  },
  "weighted avg": {
    "precision": 0.6503901268318433,
    "recall": 0.6502976190476191,
    "f1-score": 0.6502438336551719,
    "support": 10080.0
  }
}