{
  "0": {
    "precision": 0.7593582887700535,
    "recall": 0.6464339908952959,
    "f1-score": 0.6983606557377049,
    "support": 659.0
  },
  "1": {
    "precision": 0.672752808988764,
    "recall": 0.7801302931596091,
    "f1-score": 0.722473604826546,
    "support": 614.0
  },
  "accuracy": 0.7109190887666929,
  "macro avg": {
    "precision": 0.7160555488794087,
    "recall": 0.7132821420274524,
    "f1-score": 0.7104171302821254,
    "support": 1273.0
  },
  "weighted avg": {
    "precision": 0.7175862820255824,
    "recall": 0.7109190887666929,
    "f1-score": 0.7099909391159833,
    "support": 1273.0
  }
}