{
  "0": {
    "precision": 0.8066298342541437,
    "recall": 0.6754047802621435,
    "f1-score": 0.7352077213596308,
    "support": 1297.0
  },
  "1": {
    "precision": 0.4890776699029126,
    "recall": 0.6574225122349103,
    "f1-score": 0.5608907446068198,
    "support": 613.0
  },
  "accuracy": 0.6696335078534031,
  "macro avg": {
    "precision": 0.6478537520785281,
    "recall": 0.6664136462485268,
    "f1-score": 0.6480492329832253,
    "support": 1910.0
  },
  "weighted avg": {
    "precision": 0.7047138778419423,
    "recall": 0.6696335078534033,
    "f1-score": 0.6792620110195924,
    "support": 1910.0
  }
}