{
  "0": {
    "precision": 0.947566955865711,
    "recall": 0.9968253968253968,
    "f1-score": 0.9715722297427963,
    "support": 5040.0
  },
  "1": {
    "precision": 0.9966513185433236,
    "recall": 0.9448412698412698,
    "f1-score": 0.9700550010185374,
    "support": 5040.0
  },
  "accuracy": 0.9708333333333333,
  "macro avg": {
    "precision": 0.9721091372045173,
    "recall": 0.9708333333333333,
    "f1-score": 0.9708136153806668,
    "support": 10080.0
  },
  "weighted avg": {
    "precision": 0.9721091372045174,
    "recall": 0.9708333333333333,
    "f1-score": 0.9708136153806668,
    "support": 10080.0
  }
}