{
  "0": {
    "precision": 0.7730978260869565,
    "recall": 0.8634294385432474,
    "f1-score": 0.8157706093189964,
    "support": 659.0
  },
  "1": {
    "precision": 0.8324022346368715,
    "recall": 0.7280130293159609,
    "f1-score": 0.7767158992180713,
    "support": 614.0
  },
  "accuracy": 0.798114689709348,
  "macro avg": {
    "precision": 0.802750030361914,
    "recall": 0.7957212339296041,
    "f1-score": 0.7962432542685338,
    "support": 1273.0
  },
  "weighted avg": {
    "precision": 0.8017018377520373,
    "recall": 0.798114689709348,
    "f1-score": 0.7969335378327685,
    "support": 1273.0
  }
}