{
  "0": {
    "precision": 0.7984972677595629,
    "recall": 0.9013107170393215,
    "f1-score": 0.8467946396233249,
    "support": 1297.0
  },
  "1": {
    "precision": 0.7130044843049327,
    "recall": 0.5187601957585645,
    "f1-score": 0.6005665722379604,
    "support": 613.0
  },
  "accuracy": 0.7785340314136125,
  "macro avg": {
    "precision": 0.7557508760322478,
    "recall": 0.710035456398943,
    "f1-score": 0.7236806059306427,
    "support": 1910.0
  },
  "weighted avg": {
    "precision": 0.7710590079387836,
    "recall": 0.7785340314136125,
    "f1-score": 0.7677696106666607,
    "support": 1910.0
  }
}