{
  "0": {
    "precision": 0.7412060301507538,
    "recall": 0.8952959028831563,
    "f1-score": 0.8109965635738832,
    "support": 659.0
  },
  "1": {
    "precision": 0.8553459119496856,
    "recall": 0.6644951140065146,
    "f1-score": 0.7479376718606783,
    "support": 614.0
  },
  "accuracy": 0.783974862529458,
  "macro avg": {
    "precision": 0.7982759710502196,
    "recall": 0.7798955084448355,
    "f1-score": 0.7794671177172807,
    "support": 1273.0
  },
  "weighted avg": {
    "precision": 0.7962585732965072,
    "recall": 0.783974862529458,
    "f1-score": 0.7805816700060059,
    "support": 1273.0
  }
}