{
  "0": {
    "precision": 0.7921122994652406,
    "recall": 0.9136468774094063,
    "f1-score": 0.8485499462943072,
    "support": 1297.0
  },
  "1": {
    "precision": 0.7294685990338164,
    "recall": 0.4926590538336052,
    "f1-score": 0.5881207400194742,
    "support": 613.0
  },
  "accuracy": 0.7785340314136125,
  "macro avg": {
    "precision": 0.7607904492495285,
    "recall": 0.7031529656215058,
    "f1-score": 0.7183353431568907,
    "support": 1910.0
  },
  "weighted avg": {
    "precision": 0.7720072793791343,
    "recall": 0.7785340314136125,
    "f1-score": 0.7649671696207613,
    "support": 1910.0
  }
}