{
  "0": {
    "precision": 0.9538549183440942,
    "recall": 0.9966269841269841,
    "f1-score": 0.9747719774888415,
    "support": 5040.0
  },
  "1": {
    "precision": 0.9964686331533029,
    "recall": 0.9517857142857142,
    "f1-score": 0.9736147757255936,
    "support": 5040.0
  },
  "accuracy": 0.9742063492063492,
  "macro avg": {
    "precision": 0.9751617757486986,
    "recall": 0.9742063492063492,
    "f1-score": 0.9741933766072175,
    "support": 10080.0
  },
  "weighted avg": {
    "precision": 0.9751617757486984,
    "recall": 0.9742063492063492,
    "f1-score": 0.9741933766072176,
    "support": 10080.0
  }
}