{
  "0": {
    "precision": 0.7583444592790387,
    "recall": 0.8619119878603946,
    "f1-score": 0.8068181818181818,
    "support": 659.0
  },
  "1": {
    "precision": 0.8263358778625954,
    "recall": 0.7052117263843648,
    "f1-score": 0.7609841827768014,
    "support": 614.0
  },
  "accuracy": 0.786331500392773,
  "macro avg": {
    "precision": 0.7923401685708171,
    "recall": 0.7835618571223797,
    "f1-score": 0.7839011822974915,
    "support": 1273.0
  },
  "weighted avg": {
    "precision": 0.7911384349352082,
    "recall": 0.786331500392773,
    "f1-score": 0.7847112883292521,
    "support": 1273.0
  }
}