{
  "0": {
    "precision": 0.8063404548587181,
    "recall": 0.9020817270624518,
    "f1-score": 0.851528384279476,
    "support": 1297.0
  },
  "1": {
    "precision": 0.7233115468409586,
    "recall": 0.5415986949429038,
    "f1-score": 0.6194029850746269,
    "support": 613.0
  },
  "accuracy": 0.7863874345549738,
  "macro avg": {
    "precision": 0.7648260008498383,
    "recall": 0.7218402110026778,
    "f1-score": 0.7354656846770514,
    "support": 1910.0
  },
  "weighted avg": {
    "precision": 0.7796929571545891,
    "recall": 0.7863874345549738,
    "f1-score": 0.7770294996132077,
    "support": 1910.0
  }
}