{
  "0": {
    "precision": 0.7595907928388747,
    "recall": 0.9013657056145675,
    "f1-score": 0.8244274809160306,
    "support": 659.0
  },
  "1": {
    "precision": 0.8676171079429735,
    "recall": 0.6938110749185668,
    "f1-score": 0.7710407239819005,
    "support": 614.0
  },
  "accuracy": 0.8012568735271013,
  "macro avg": {
    "precision": 0.813603950390924,
    "recall": 0.7975883902665671,
    "f1-score": 0.7977341024489655,
    "support": 1273.0
  },
  "weighted avg": {
    "precision": 0.8116946086078587,
    "recall": 0.8012568735271013,
    "f1-score": 0.7986777018448947,
    "support": 1273.0
  }
}