{
  "0": {
    "precision": 0.7953333333333333,
    "recall": 0.9198149575944488,
    "f1-score": 0.85305684662138,
    "support": 1297.0
  },
  "1": {
    "precision": 0.7463414634146341,
    "recall": 0.499184339314845,
    "f1-score": 0.5982404692082112,
    "support": 613.0
  },
  "accuracy": 0.7848167539267016,
  "macro avg": {
    "precision": 0.7708373983739838,
    "recall": 0.7094996484546469,
    "f1-score": 0.7256486579147956,
    "support": 1910.0
  },
  "weighted avg": {
    "precision": 0.7796097646107352,
    "recall": 0.7848167539267016,
    "f1-score": 0.7712754647605043,
    "support": 1910.0
  }
}