{
  "0": {
    "precision": 0.8041379310344827,
    "recall": 0.8989976869699307,
    "f1-score": 0.8489261012013105,
    "support": 1297.0
  },
  "1": {
    "precision": 0.7152173913043478,
    "recall": 0.5367047308319739,
    "f1-score": 0.6132339235787512,
    "support": 613.0
  },
  "accuracy": 0.7827225130890052,
  "macro avg": {
    "precision": 0.7596776611694153,
    "recall": 0.7178512089009523,
    "f1-score": 0.7310800123900308,
    "support": 1910.0
  },
  "weighted avg": {
    "precision": 0.7755995588593138,
    "recall": 0.7827225130890052,
    "f1-score": 0.7732824860795153,
    "support": 1910.0
  }
}