{
  "0": {
    "precision": 0.9430665163472379,
    "recall": 0.9958333333333333,
    "f1-score": 0.9687319050376375,
    "support": 5040.0
  },
  "1": {
    "precision": 0.9955863808322825,
    "recall": 0.9398809523809524,
    "f1-score": 0.9669320269442744,
    "support": 5040.0
  },
  "accuracy": 0.9678571428571429,
  "macro avg": {
    "precision": 0.9693264485897601,
    "recall": 0.9678571428571429,
    "f1-score": 0.967831965990956,
    "support": 10080.0
  },
  "weighted avg": {
    "precision": 0.9693264485897601,
    "recall": 0.9678571428571429,
    "f1-score": 0.967831965990956,
    "support": 10080.0
  }
}