{
  "0": {
    "precision": 0.7718579234972678,
    "recall": 0.8573596358118362,
    "f1-score": 0.8123652048885693,
    "support": 659.0
  },
  "1": {
    "precision": 0.8262476894639557,
    "recall": 0.7280130293159609,
    "f1-score": 0.7740259740259741,
    "support": 614.0
  },
  "accuracy": 0.7949725058915946,
  "macro avg": {
    "precision": 0.7990528064806117,
    "recall": 0.7926863325638985,
    "f1-score": 0.7931955894572718,
    "support": 1273.0
  },
  "weighted avg": {
    "precision": 0.7980914791167072,
    "recall": 0.7949725058915946,
    "f1-score": 0.7938732270805304,
    "support": 1273.0
  }
}