{
  "0": {
    "precision": 0.9494605337876206,
    "recall": 0.9952380952380953,
    "f1-score": 0.9718105201976169,
    "support": 5040.0
  },
  "1": {
    "precision": 0.9949968730456535,
    "recall": 0.9470238095238095,
    "f1-score": 0.9704178103080208,
    "support": 5040.0
  },
  "accuracy": 0.9711309523809524,
  "macro avg": {
    "precision": 0.972228703416637,
    "recall": 0.9711309523809524,
    "f1-score": 0.9711141652528188,
    "support": 10080.0
  },
  "weighted avg": {
    "precision": 0.9722287034166371,
    "recall": 0.9711309523809524,
    "f1-score": 0.9711141652528189,
    "support": 10080.0
  }
}