{
  "0": {
    "precision": 0.7664429530201342,
    "recall": 0.866464339908953,
    "f1-score": 0.8133903133903134,
    "support": 659.0
  },
  "1": {
    "precision": 0.8333333333333334,
    "recall": 0.7166123778501629,
    "f1-score": 0.7705779334500875,
    "support": 614.0
  },
  "accuracy": 0.7941869599371564,
  "macro avg": {
    "precision": 0.7998881431767337,
    "recall": 0.7915383588795579,
    "f1-score": 0.7919841234202005,
    "support": 1273.0
  },
  "weighted avg": {
    "precision": 0.7987058701547016,
    "recall": 0.7941869599371564,
    "f1-score": 0.7927408229870937,
    "support": 1273.0
  }
}