{
  "0": {
    "precision": 0.8034364261168385,
    "recall": 0.9013107170393215,
    "f1-score": 0.8495639534883721,
    "support": 1297.0
  },
  "1": {
    "precision": 0.7186813186813187,
    "recall": 0.533442088091354,
    "f1-score": 0.6123595505617978,
    "support": 613.0
  },
  "accuracy": 0.7832460732984293,
  "macro avg": {
    "precision": 0.7610588723990785,
    "recall": 0.7173764025653377,
    "f1-score": 0.730961752025085,
    "support": 1910.0
  },
  "weighted avg": {
    "precision": 0.7762349178142345,
    "recall": 0.7832460732984293,
    "f1-score": 0.7734350011354978,
    "support": 1910.0
  }
}