{
  "0": {
    "precision": 0.7544757033248082,
    "recall": 0.8952959028831563,
    "f1-score": 0.8188757807078417,
    "support": 659.0
  },
  "1": {
    "precision": 0.8594704684317719,
    "recall": 0.6872964169381107,
    "f1-score": 0.7638009049773755,
    "support": 614.0
  },
  "accuracy": 0.7949725058915946,
  "macro avg": {
    "precision": 0.80697308587829,
    "recall": 0.7912961599106335,
    "f1-score": 0.7913383428426086,
    "support": 1273.0
  },
  "weighted avg": {
    "precision": 0.8051173260865331,
    "recall": 0.7949725058915946,
    "f1-score": 0.792311779373587,
    "support": 1273.0
  }
}