{
  "0": {
    "precision": 0.7903439153439153,
    "recall": 0.9213569776407093,
    "f1-score": 0.8508365966536133,
    "support": 1297.0
  },
  "1": {
    "precision": 0.7437185929648241,
    "recall": 0.4828711256117455,
    "f1-score": 0.5855588526211671,
    "support": 613.0
  },
  "accuracy": 0.7806282722513089,
  "macro avg": {
    "precision": 0.7670312541543698,
    "recall": 0.7021140516262274,
    "f1-score": 0.7181977246373903,
    "support": 1910.0
  },
  "weighted avg": {
    "precision": 0.7753798720882175,
    "recall": 0.7806282722513089,
    "f1-score": 0.7656977185950324,
    "support": 1910.0
  }
}