{
  "0": {
    "precision": 0.7923025879230259,
    "recall": 0.920585967617579,
    "f1-score": 0.8516405135520685,
    "support": 1297.0
  },
  "1": {
    "precision": 0.7444168734491315,
    "recall": 0.4893964110929853,
    "f1-score": 0.5905511811023622,
    "support": 613.0
  },
  "accuracy": 0.7821989528795812,
  "macro avg": {
    "precision": 0.7683597306860788,
    "recall": 0.7049911893552822,
    "f1-score": 0.7210958473272153,
    "support": 1910.0
  },
  "weighted avg": {
    "precision": 0.7769340313929226,
    "recall": 0.7821989528795812,
    "f1-score": 0.7678458743941261,
    "support": 1910.0
  }
}