{
  "0": {
    "precision": 0.7525641025641026,
    "recall": 0.8907435508345979,
    "f1-score": 0.8158443363446838,
    "support": 659.0
  },
  "1": {
    "precision": 0.8539553752535497,
    "recall": 0.6856677524429967,
    "f1-score": 0.7606142728093948,
    "support": 614.0
  },
  "accuracy": 0.7918303220738413,
  "macro avg": {
    "precision": 0.8032597389088261,
    "recall": 0.7882056516387973,
    "f1-score": 0.7882293045770392,
    "support": 1273.0
  },
  "weighted avg": {
    "precision": 0.8014676700671037,
    "recall": 0.7918303220738413,
    "f1-score": 0.7892054840189434,
    "support": 1273.0
  }
}