{
  "0": {
    "precision": 0.7884615384615384,
    "recall": 0.9167309175019275,
    "f1-score": 0.8477718360071301,
    "support": 1297.0
  },
  "1": {
    "precision": 0.7313432835820896,
    "recall": 0.4796084828711256,
    "f1-score": 0.5793103448275863,
    "support": 613.0
  },
  "accuracy": 0.7764397905759163,
  "macro avg": {
    "precision": 0.759902411021814,
    "recall": 0.6981697001865266,
    "f1-score": 0.7135410904173582,
    "support": 1910.0
  },
  "weighted avg": {
    "precision": 0.7701298681782389,
    "recall": 0.7764397905759163,
    "f1-score": 0.7616111584714964,
    "support": 1910.0
  }
}