{
  "0": {
    "precision": 0.7609819121447028,
    "recall": 0.8937784522003035,
    "f1-score": 0.8220516399162596,
    "support": 659.0
  },
  "1": {
    "precision": 0.8597194388777555,
    "recall": 0.6986970684039088,
    "f1-score": 0.77088948787062,
    "support": 614.0
  },
  "accuracy": 0.7996857816182247,
  "macro avg": {
    "precision": 0.8103506755112291,
    "recall": 0.7962377603021061,
    "f1-score": 0.7964705638934397,
    "support": 1273.0
  },
  "weighted avg": {
    "precision": 0.8086055110560102,
    "recall": 0.7996857816182247,
    "f1-score": 0.7973748438785355,
    "support": 1273.0
  }
}