{
  "0": {
    "precision": 0.7437722419928826,
    "recall": 0.6342943854324734,
    "f1-score": 0.6846846846846847,
    "support": 659.0
  },
  "1": {
    "precision": 0.6610407876230661,
    "recall": 0.7654723127035831,
    "f1-score": 0.7094339622641509,
    "support": 614.0
  },
  "accuracy": 0.6975648075412412,
  "macro avg": {
    "precision": 0.7024065148079743,
    "recall": 0.6998833490680283,
    "f1-score": 0.6970593234744178,
    "support": 1273.0
  },
  "weighted avg": {
    "precision": 0.7038687753918871,
    "recall": 0.6975648075412412,
    "f1-score": 0.6966218853396667,
    "support": 1273.0
  }
}