{
  "0": {
    "precision": 0.8049001814882033,
    "recall": 0.6838858905165767,
    "f1-score": 0.7394747811588162,
    "support": 1297.0
  },
  "1": {
    "precision": 0.49257425742574257,
    "recall": 0.6492659053833605,
    "f1-score": 0.5601688951442646,
    "support": 613.0
  },
  "accuracy": 0.6727748691099477,
  "macro avg": {
    "precision": 0.6487372194569729,
    "recall": 0.6665758979499685,
    "f1-score": 0.6498218381515404,
    "support": 1910.0
  },
  "weighted avg": {
    "precision": 0.7046615472210365,
    "recall": 0.6727748691099477,
    "f1-score": 0.6819279182651407,
    "support": 1910.0
  }
}