{
  "0": {
    "precision": 0.6530492572322126,
    "recall": 0.6628968253968254,
    "f1-score": 0.657936195352501,
    "support": 5040.0
  },
  "1": {
    "precision": 0.6577356970185334,
    "recall": 0.6478174603174603,
    "f1-score": 0.6527389044382247,
    "support": 5040.0
  },
  "accuracy": 0.6553571428571429,
  "macro avg": {
    "precision": 0.655392477125373,
    "recall": 0.6553571428571429,
    "f1-score": 0.6553375498953629,
    "support": 10080.0
  },
  "weighted avg": {
    "precision": 0.655392477125373,
    "recall": 0.6553571428571429,
    "f1-score": 0.6553375498953629,
    "support": 10080.0
  }
}