{
  "0": {
    "precision": 0.7418244406196214,
    "recall": 0.65402124430956,
    "f1-score": 0.6951612903225807,
    "support": 659.0
  },
  "1": {
    "precision": 0.6705202312138728,
    "recall": 0.755700325732899,
    "f1-score": 0.7105666156202144,
    "support": 614.0
  },
  "accuracy": 0.7030636292223095,
  "macro avg": {
    "precision": 0.7061723359167471,
    "recall": 0.7048607850212295,
    "f1-score": 0.7028639529713976,
    "support": 1273.0
  },
  "weighted avg": {
    "precision": 0.7074326224144921,
    "recall": 0.7030636292223095,
    "f1-score": 0.7025916671746993,
    "support": 1273.0
  }
}