{
  "0": {
    "precision": 0.8054794520547945,
    "recall": 0.6800308404009252,
    "f1-score": 0.7374581939799331,
    "support": 1297.0
  },
  "1": {
    "precision": 0.49079754601226994,
    "recall": 0.6525285481239804,
    "f1-score": 0.5602240896358543,
    "support": 613.0
  },
  "accuracy": 0.6712041884816754,
  "macro avg": {
    "precision": 0.6481384990335323,
    "recall": 0.6662796942624528,
    "f1-score": 0.6488411418078937,
    "support": 1910.0
  },
  "weighted avg": {
    "precision": 0.7044846832568533,
    "recall": 0.6712041884816754,
    "f1-score": 0.6805762536852105,
    "support": 1910.0
  }
}