{
  "0": {
    "precision": 0.6458091927385091,
    "recall": 0.6634920634920635,
    "f1-score": 0.6545312194167155,
    "support": 5040.0
  },
  "1": {
    "precision": 0.6540187678498572,
    "recall": 0.6361111111111111,
    "f1-score": 0.6449406558036612,
    "support": 5040.0
  },
  "accuracy": 0.6498015873015873,
  "macro avg": {
    "precision": 0.6499139802941831,
    "recall": 0.6498015873015872,
    "f1-score": 0.6497359376101883,
    "support": 10080.0
  },
  "weighted avg": {
    "precision": 0.6499139802941831,
    "recall": 0.6498015873015873,
    "f1-score": 0.6497359376101884,
    "support": 10080.0
  }
}