{
  "0": {
    "precision": 0.6499902286495993,
    "recall": 0.6599206349206349,
    "f1-score": 0.6549177906862262,
    "support": 5040.0
  },
  "1": {
    "precision": 0.6546443683256095,
    "recall": 0.6446428571428572,
    "f1-score": 0.6496051184644607,
    "support": 5040.0
  },
  "accuracy": 0.652281746031746,
  "macro avg": {
    "precision": 0.6523172984876044,
    "recall": 0.652281746031746,
    "f1-score": 0.6522614545753435,
    "support": 10080.0
  },
  "weighted avg": {
    "precision": 0.6523172984876044,
    "recall": 0.652281746031746,
    "f1-score": 0.6522614545753435,
    "support": 10080.0
  }
}