{
  "0": {
    "precision": 0.8065693430656934,
    "recall": 0.6815728604471858,
    "f1-score": 0.7388215628917677,
    "support": 1297.0
  },
  "1": {
    "precision": 0.4926289926289926,
    "recall": 0.6541598694942904,
    "f1-score": 0.5620182200420463,
    "support": 613.0
  },
  "accuracy": 0.6727748691099477,
  "macro avg": {
    "precision": 0.649599167847343,
    "recall": 0.6678663649707381,
    "f1-score": 0.650419891466907,
    "support": 1910.0
  },
  "weighted avg": {
    "precision": 0.7058125709098307,
    "recall": 0.6727748691099477,
    "f1-score": 0.6820778722284802,
    "support": 1910.0
  }
}