{
  "0": {
    "precision": 0.7575221238938054,
    "recall": 0.6494688922610015,
    "f1-score": 0.6993464052287581,
    "support": 659.0
  },
  "1": {
    "precision": 0.673728813559322,
    "recall": 0.7768729641693811,
    "f1-score": 0.7216338880484114,
    "support": 614.0
  },
  "accuracy": 0.7109190887666929,
  "macro avg": {
    "precision": 0.7156254687265637,
    "recall": 0.7131709282151912,
    "f1-score": 0.7104901466385848,
    "support": 1273.0
  },
  "weighted avg": {
    "precision": 0.7171064973852643,
    "recall": 0.7109190887666929,
    "f1-score": 0.7100962201944039,
    "support": 1273.0
  }
}