{
  "0": {
    "precision": 0.8041894353369763,
    "recall": 0.6808018504240555,
    "f1-score": 0.7373695198329854,
    "support": 1297.0
  },
  "1": {
    "precision": 0.49014778325123154,
    "recall": 0.6492659053833605,
    "f1-score": 0.5585964912280702,
    "support": 613.0
  },
  "accuracy": 0.6706806282722513,
  "macro avg": {
    "precision": 0.6471686092941039,
    "recall": 0.6650338779037079,
    "f1-score": 0.6479830055305278,
    "support": 1910.0
  },
  "weighted avg": {
    "precision": 0.7034001511858969,
    "recall": 0.6706806282722513,
    "f1-score": 0.6799936734796802,
    "support": 1910.0
  }
}