{
  "0": {
    "precision": 0.6517615176151762,
    "recall": 0.6680555555555555,
    "f1-score": 0.6598079561042524,
    "support": 5040.0
  },
  "1": {
    "precision": 0.6595441595441596,
    "recall": 0.6430555555555556,
    "f1-score": 0.6511954992967651,
    "support": 5040.0
  },
  "accuracy": 0.6555555555555556,
  "macro avg": {
    "precision": 0.6556528385796678,
    "recall": 0.6555555555555556,
    "f1-score": 0.6555017277005087,
    "support": 10080.0
  },
  "weighted avg": {
    "precision": 0.6556528385796679,
    "recall": 0.6555555555555556,
    "f1-score": 0.6555017277005087,
    "support": 10080.0
  }
}