{
  "0": {
    "precision": 0.9484419263456091,
    "recall": 0.9964285714285714,
    "f1-score": 0.9718432510885341,
    "support": 5040.0
  },
  "1": {
    "precision": 0.9962382445141066,
    "recall": 0.9458333333333333,
    "f1-score": 0.970381679389313,
    "support": 5040.0
  },
  "accuracy": 0.9711309523809524,
  "macro avg": {
    "precision": 0.9723400854298578,
    "recall": 0.9711309523809524,
    "f1-score": 0.9711124652389236,
    "support": 10080.0
  },
  "weighted avg": {
    "precision": 0.9723400854298578,
    "recall": 0.9711309523809524,
    "f1-score": 0.9711124652389236,
    "support": 10080.0
  }
}