{
  "0": {
    "precision": 0.7643051771117166,
    "recall": 0.8512898330804249,
    "f1-score": 0.8054558506819813,
    "support": 659.0
  },
  "1": {
    "precision": 0.8181818181818182,
    "recall": 0.7182410423452769,
    "f1-score": 0.7649609713790113,
    "support": 614.0
  },
  "accuracy": 0.7871170463472114,
  "macro avg": {
    "precision": 0.7912434976467675,
    "recall": 0.7847654377128509,
    "f1-score": 0.7852084110304963,
    "support": 1273.0
  },
  "weighted avg": {
    "precision": 0.7902912396545622,
    "recall": 0.7871170463472114,
    "f1-score": 0.7859241492742645,
    "support": 1273.0
  }
}