{
  "0": {
    "precision": 0.8001368925393566,
    "recall": 0.9013107170393215,
    "f1-score": 0.8477157360406091,
    "support": 1297.0
  },
  "1": {
    "precision": 0.7149220489977728,
    "recall": 0.5236541598694943,
    "f1-score": 0.6045197740112994,
    "support": 613.0
  },
  "accuracy": 0.7801047120418848,
  "macro avg": {
    "precision": 0.7575294707685647,
    "recall": 0.712482438454408,
    "f1-score": 0.7261177550259543,
    "support": 1910.0
  },
  "weighted avg": {
    "precision": 0.7727878354236546,
    "recall": 0.7801047120418848,
    "f1-score": 0.7696638382793699,
    "support": 1910.0
  }
}