{
  "0": {
    "precision": 0.7904509283819628,
    "recall": 0.9190439475713185,
    "f1-score": 0.8499108734402852,
    "support": 1297.0
  },
  "1": {
    "precision": 0.7388059701492538,
    "recall": 0.48450244698205547,
    "f1-score": 0.5852216748768473,
    "support": 613.0
  },
  "accuracy": 0.7795811518324607,
  "macro avg": {
    "precision": 0.7646284492656084,
    "recall": 0.701773197276687,
    "f1-score": 0.7175662741585662,
    "support": 1910.0
  },
  "weighted avg": {
    "precision": 0.7738758711062295,
    "recall": 0.7795811518324607,
    "f1-score": 0.7649608845819672,
    "support": 1910.0
  }
}