{
  "0": {
    "precision": 0.7442748091603053,
    "recall": 0.8877086494688923,
    "f1-score": 0.8096885813148789,
    "support": 659.0
  },
  "1": {
    "precision": 0.8480492813141683,
    "recall": 0.6726384364820847,
    "f1-score": 0.7502270663033606,
    "support": 614.0
  },
  "accuracy": 0.783974862529458,
  "macro avg": {
    "precision": 0.7961620452372369,
    "recall": 0.7801735429754885,
    "f1-score": 0.7799578238091197,
    "support": 1273.0
  },
  "weighted avg": {
    "precision": 0.7943278538598119,
    "recall": 0.783974862529458,
    "f1-score": 0.7810087932417663,
    "support": 1273.0
  }
}