{
  "0": {
    "precision": 0.8036465638148668,
    "recall": 0.8835774865073246,
    "f1-score": 0.8417186926184356,
    "support": 1297.0
  },
  "1": {
    "precision": 0.6880165289256198,
    "recall": 0.5432300163132137,
    "f1-score": 0.6071103008204193,
    "support": 613.0
  },
  "accuracy": 0.7743455497382199,
  "macro avg": {
    "precision": 0.7458315463702433,
    "recall": 0.7134037514102691,
    "f1-score": 0.7244144967194275,
    "support": 1910.0
  },
  "weighted avg": {
    "precision": 0.7665359819367995,
    "recall": 0.7743455497382199,
    "f1-score": 0.766422910329334,
    "support": 1910.0
  }
}