{
  "0": {
    "precision": 0.9477358490566038,
    "recall": 0.9966269841269841,
    "f1-score": 0.9715667311411992,
    "support": 5040.0
  },
  "1": {
    "precision": 0.9964435146443514,
    "recall": 0.9450396825396825,
    "f1-score": 0.970061099796334,
    "support": 5040.0
  },
  "accuracy": 0.9708333333333333,
  "macro avg": {
    "precision": 0.9720896818504776,
    "recall": 0.9708333333333333,
    "f1-score": 0.9708139154687666,
    "support": 10080.0
  },
  "weighted avg": {
    "precision": 0.9720896818504776,
    "recall": 0.9708333333333333,
    "f1-score": 0.9708139154687665,
    "support": 10080.0
  }
}