{
  "0": {
    "precision": 0.7923643670462157,
    "recall": 0.9121048573631457,
    "f1-score": 0.8480286738351255,
    "support": 1297.0
  },
  "1": {
    "precision": 0.7266187050359713,
    "recall": 0.49429037520391517,
    "f1-score": 0.5883495145631068,
    "support": 613.0
  },
  "accuracy": 0.7780104712041885,
  "macro avg": {
    "precision": 0.7594915360410934,
    "recall": 0.7031976162835305,
    "f1-score": 0.7181890941991161,
    "support": 1910.0
  },
  "weighted avg": {
    "precision": 0.77126379594031,
    "recall": 0.7780104712041885,
    "f1-score": 0.7646866190530588,
    "support": 1910.0
  }
}