{
  "0": {
    "precision": 0.7417302798982188,
    "recall": 0.8846737481031867,
    "f1-score": 0.8069204152249135,
    "support": 659.0
  },
  "1": {
    "precision": 0.8439425051334702,
    "recall": 0.6693811074918566,
    "f1-score": 0.7465940054495913,
    "support": 614.0
  },
  "accuracy": 0.7808326787117046,
  "macro avg": {
    "precision": 0.7928363925158446,
    "recall": 0.7770274277975217,
    "f1-score": 0.7767572103372524,
    "support": 1273.0
  },
  "weighted avg": {
    "precision": 0.7910298135152215,
    "recall": 0.7808326787117046,
    "f1-score": 0.7778234665980103,
    "support": 1273.0
  }
}