{
  "0": {
    "precision": 0.7413194444444444,
    "recall": 0.6479514415781487,
    "f1-score": 0.691497975708502,
    "support": 659.0
  },
  "1": {
    "precision": 0.667144906743185,
    "recall": 0.757328990228013,
    "f1-score": 0.7093821510297483,
    "support": 614.0
  },
  "accuracy": 0.7007069913589945,
  "macro avg": {
    "precision": 0.7042321755938148,
    "recall": 0.7026402159030809,
    "f1-score": 0.7004400633691252,
    "support": 1273.0
  },
  "weighted avg": {
    "precision": 0.7055431945241197,
    "recall": 0.7007069913589945,
    "f1-score": 0.7001239644337536,
    "support": 1273.0
  }
}