{
  "0": {
    "precision": 0.6488742236024845,
    "recall": 0.6632936507936508,
    "f1-score": 0.6560047095761381,
    "support": 5040.0
  },
  "1": {
    "precision": 0.6556412337662337,
    "recall": 0.6410714285714286,
    "f1-score": 0.6482744783306581,
    "support": 5040.0
  },
  "accuracy": 0.6521825396825397,
  "macro avg": {
    "precision": 0.6522577286843592,
    "recall": 0.6521825396825397,
    "f1-score": 0.652139593953398,
    "support": 10080.0
  },
  "weighted avg": {
    "precision": 0.6522577286843592,
    "recall": 0.6521825396825397,
    "f1-score": 0.6521395939533982,
    "support": 10080.0
  }
}