{
  "0": {
    "precision": 0.8058340929808568,
    "recall": 0.6815728604471858,
    "f1-score": 0.7385129490392648,
    "support": 1297.0
  },
  "1": {
    "precision": 0.4920049200492005,
    "recall": 0.6525285481239804,
    "f1-score": 0.5610098176718092,
    "support": 613.0
  },
  "accuracy": 0.6722513089005235,
  "macro avg": {
    "precision": 0.6489195065150286,
    "recall": 0.6670507042855831,
    "f1-score": 0.649761383355537,
    "support": 1910.0
  },
  "weighted avg": {
    "precision": 0.7051130024012205,
    "recall": 0.6722513089005235,
    "f1-score": 0.6815446665637411,
    "support": 1910.0
  }
}