{
  "0": {
    "precision": 0.754863813229572,
    "recall": 0.8831562974203339,
    "f1-score": 0.813986013986014,
    "support": 659.0
  },
  "1": {
    "precision": 0.8466135458167331,
    "recall": 0.6921824104234527,
    "f1-score": 0.7616487455197133,
    "support": 614.0
  },
  "accuracy": 0.7910447761194029,
  "macro avg": {
    "precision": 0.8007386795231526,
    "recall": 0.7876693539218933,
    "f1-score": 0.7878173797528636,
    "support": 1273.0
  },
  "weighted avg": {
    "precision": 0.799117022819923,
    "recall": 0.7910447761194029,
    "f1-score": 0.7887424296668398,
    "support": 1273.0
  }
}