{
  "0": {
    "precision": 1.0,
    "recall": 0.9996031746031746,
    "f1-score": 0.9998015479261758,
    "support": 5040.0
  },
  "1": {
    "precision": 0.9996033320111067,
    "recall": 1.0,
    "f1-score": 0.9998016266613767,
    "support": 5040.0
  },
  "accuracy": 0.9998015873015873,
  "macro avg": {
    "precision": 0.9998016660055533,
    "recall": 0.9998015873015873,
    "f1-score": 0.9998015872937762,
    "support": 10080.0
  },
  "weighted avg": {
    "precision": 0.9998016660055533,
    "recall": 0.9998015873015873,
    "f1-score": 0.9998015872937763,
    "support": 10080.0
  }
}