{
  "0": {
    "precision": 0.7864338482202821,
    "recall": 0.9028527370855821,
    "f1-score": 0.8406317300789663,
    "support": 1297.0
  },
  "1": {
    "precision": 0.7007125890736342,
    "recall": 0.4812398042414356,
    "f1-score": 0.5705996131528046,
    "support": 613.0
  },
  "accuracy": 0.7675392670157068,
  "macro avg": {
    "precision": 0.7435732186469581,
    "recall": 0.6920462706635089,
    "f1-score": 0.7056156716158855,
    "support": 1910.0
  },
  "weighted avg": {
    "precision": 0.7589222608606512,
    "recall": 0.7675392670157068,
    "f1-score": 0.7539669721335542,
    "support": 1910.0
  }
}