{
  "0": {
    "precision": 0.7917498336660014,
    "recall": 0.9175019275250579,
    "f1-score": 0.85,
    "support": 1297.0
  },
  "1": {
    "precision": 0.7371007371007371,
    "recall": 0.4893964110929853,
    "f1-score": 0.5882352941176471,
    "support": 613.0
  },
  "accuracy": 0.7801047120418848,
  "macro avg": {
    "precision": 0.7644252853833693,
    "recall": 0.7034491693090216,
    "f1-score": 0.7191176470588235,
    "support": 1910.0
  },
  "weighted avg": {
    "precision": 0.7742106209987202,
    "recall": 0.7801047120418848,
    "f1-score": 0.7659886048660303,
    "support": 1910.0
  }
}