{
  "0": {
    "precision": 0.7636363636363637,
    "recall": 0.8922610015174507,
    "f1-score": 0.8229531140657803,
    "support": 659.0
  },
  "1": {
    "precision": 0.8588469184890656,
    "recall": 0.7035830618892508,
    "f1-score": 0.7735004476275739,
    "support": 614.0
  },
  "accuracy": 0.8012568735271013,
  "macro avg": {
    "precision": 0.8112416410627146,
    "recall": 0.7979220317033507,
    "f1-score": 0.7982267808466771,
    "support": 1273.0
  },
  "weighted avg": {
    "precision": 0.8095588150735662,
    "recall": 0.8012568735271013,
    "f1-score": 0.7991008460429534,
    "support": 1273.0
  }
}