{
  "0": {
    "precision": 0.7448630136986302,
    "recall": 0.6600910470409712,
    "f1-score": 0.6999195494770716,
    "support": 659.0
  },
  "1": {
    "precision": 0.6748911465892597,
    "recall": 0.757328990228013,
    "f1-score": 0.7137375287797391,
    "support": 614.0
  },
  "accuracy": 0.7069913589945012,
  "macro avg": {
    "precision": 0.7098770801439449,
    "recall": 0.7087100186344921,
    "f1-score": 0.7068285391284053,
    "support": 1273.0
  },
  "weighted avg": {
    "precision": 0.7111138177794208,
    "recall": 0.7069913589945012,
    "f1-score": 0.7065843093292615,
    "support": 1273.0
  }
}