{
  "0": {
    "precision": 0.6427747886241353,
    "recall": 0.6636904761904762,
    "f1-score": 0.6530652089027723,
    "support": 5040.0
  },
  "1": {
    "precision": 0.6523789991796555,
    "recall": 0.6311507936507936,
    "f1-score": 0.6415893505445744,
    "support": 5040.0
  },
  "accuracy": 0.647420634920635,
  "macro avg": {
    "precision": 0.6475768939018953,
    "recall": 0.6474206349206348,
    "f1-score": 0.6473272797236733,
    "support": 10080.0
  },
  "weighted avg": {
    "precision": 0.6475768939018953,
    "recall": 0.647420634920635,
    "f1-score": 0.6473272797236734,
    "support": 10080.0
  }
}