{
  "0": {
    "precision": 0.810126582278481,
    "recall": 0.6908249807247494,
    "f1-score": 0.7457344985434873,
    "support": 1297.0
  },
  "1": {
    "precision": 0.5012437810945274,
    "recall": 0.6574225122349103,
    "f1-score": 0.5688073394495413,
    "support": 613.0
  },
  "accuracy": 0.6801047120418848,
  "macro avg": {
    "precision": 0.6556851816865041,
    "recall": 0.6741237464798299,
    "f1-score": 0.6572709189965142,
    "support": 1910.0
  },
  "weighted avg": {
    "precision": 0.7109929921602802,
    "recall": 0.6801047120418848,
    "f1-score": 0.6889510699965821,
    "support": 1910.0
  }
}