{
  "0": {
    "precision": 0.7929634641407307,
    "recall": 0.9036237471087124,
    "f1-score": 0.8446846846846847,
    "support": 1297.0
  },
  "1": {
    "precision": 0.7106481481481481,
    "recall": 0.5008156606851549,
    "f1-score": 0.5875598086124402,
    "support": 613.0
  },
  "accuracy": 0.7743455497382199,
  "macro avg": {
    "precision": 0.7518058061444395,
    "recall": 0.7022197038969337,
    "f1-score": 0.7161222466485624,
    "support": 1910.0
  },
  "weighted avg": {
    "precision": 0.7665449883797605,
    "recall": 0.7743455497382199,
    "f1-score": 0.7621624077044303,
    "support": 1910.0
  }
}