{
  "0": {
    "precision": 0.945742275810098,
    "recall": 0.996031746031746,
    "f1-score": 0.9702357943563974,
    "support": 5040.0
  },
  "1": {
    "precision": 0.9958088851634534,
    "recall": 0.9428571428571428,
    "f1-score": 0.968609865470852,
    "support": 5040.0
  },
  "accuracy": 0.9694444444444444,
  "macro avg": {
    "precision": 0.9707755804867757,
    "recall": 0.9694444444444444,
    "f1-score": 0.9694228299136247,
    "support": 10080.0
  },
  "weighted avg": {
    "precision": 0.9707755804867756,
    "recall": 0.9694444444444444,
    "f1-score": 0.9694228299136246,
    "support": 10080.0
  }
}