{
  "0": {
    "precision": 0.751660026560425,
    "recall": 0.858877086494689,
    "f1-score": 0.8016997167138811,
    "support": 659.0
  },
  "1": {
    "precision": 0.8211538461538461,
    "recall": 0.6954397394136808,
    "f1-score": 0.7530864197530864,
    "support": 614.0
  },
  "accuracy": 0.7800471327572663,
  "macro avg": {
    "precision": 0.7864069363571355,
    "recall": 0.7771584129541849,
    "f1-score": 0.7773930682334838,
    "support": 1273.0
  },
  "weighted avg": {
    "precision": 0.7851786481082338,
    "recall": 0.7800471327572663,
    "f1-score": 0.7782522977555717,
    "support": 1273.0
  }
}