{
  "0": {
    "precision": 0.7606382978723404,
    "recall": 0.8679817905918058,
    "f1-score": 0.810772501771793,
    "support": 659.0
  },
  "1": {
    "precision": 0.8330134357005758,
    "recall": 0.7068403908794788,
    "f1-score": 0.7647577092511013,
    "support": 614.0
  },
  "accuracy": 0.7902592301649647,
  "macro avg": {
    "precision": 0.7968258667864581,
    "recall": 0.7874110907356423,
    "f1-score": 0.7877651055114472,
    "support": 1273.0
  },
  "weighted avg": {
    "precision": 0.7955466518601931,
    "recall": 0.7902592301649647,
    "f1-score": 0.7885784070288986,
    "support": 1273.0
  }
}