{
  "0": {
    "precision": 0.8035350101971448,
    "recall": 0.9113338473400154,
    "f1-score": 0.8540462427745664,
    "support": 1297.0
  },
  "1": {
    "precision": 0.7380410022779044,
    "recall": 0.5285481239804242,
    "f1-score": 0.6159695817490495,
    "support": 613.0
  },
  "accuracy": 0.7884816753926701,
  "macro avg": {
    "precision": 0.7707880062375245,
    "recall": 0.7199409856602198,
    "f1-score": 0.735007912261808,
    "support": 1910.0
  },
  "weighted avg": {
    "precision": 0.7825152055612837,
    "recall": 0.7884816753926701,
    "f1-score": 0.7776373458066911,
    "support": 1910.0
  }
}