{
  "0": {
    "precision": 0.9534662867996201,
    "recall": 0.996031746031746,
    "f1-score": 0.9742843279961184,
    "support": 5040.0
  },
  "1": {
    "precision": 0.995846313603323,
    "recall": 0.9513888888888888,
    "f1-score": 0.9731100963977676,
    "support": 5040.0
  },
  "accuracy": 0.9737103174603174,
  "macro avg": {
    "precision": 0.9746563002014715,
    "recall": 0.9737103174603174,
    "f1-score": 0.9736972121969429,
    "support": 10080.0
  },
  "weighted avg": {
    "precision": 0.9746563002014714,
    "recall": 0.9737103174603174,
    "f1-score": 0.973697212196943,
    "support": 10080.0
  }
}