{
  "0": {
    "precision": 0.751937984496124,
    "recall": 0.8831562974203339,
    "f1-score": 0.8122819260293092,
    "support": 659.0
  },
  "1": {
    "precision": 0.845691382765531,
    "recall": 0.6872964169381107,
    "f1-score": 0.7583108715184187,
    "support": 614.0
  },
  "accuracy": 0.788688138256088,
  "macro avg": {
    "precision": 0.7988146836308275,
    "recall": 0.7852263571792223,
    "f1-score": 0.7852963987738639,
    "support": 1273.0
  },
  "weighted avg": {
    "precision": 0.7971576125695065,
    "recall": 0.788688138256088,
    "f1-score": 0.7862503255032395,
    "support": 1273.0
  }
}