{
  "0": {
    "precision": 0.7881806108897742,
    "recall": 0.9151888974556669,
    "f1-score": 0.8469496967534784,
    "support": 1297.0
  },
  "1": {
    "precision": 0.7277227722772277,
    "recall": 0.4796084828711256,
    "f1-score": 0.5781710914454278,
    "support": 613.0
  },
  "accuracy": 0.775392670157068,
  "macro avg": {
    "precision": 0.757951691583501,
    "recall": 0.6973986901633963,
    "f1-score": 0.7125603940994532,
    "support": 1910.0
  },
  "weighted avg": {
    "precision": 0.7687771265601978,
    "recall": 0.775392670157068,
    "f1-score": 0.7606872438457114,
    "support": 1910.0
  }
}