{
  "0": {
    "precision": 0.7486631016042781,
    "recall": 0.637329286798179,
    "f1-score": 0.6885245901639344,
    "support": 659.0
  },
  "1": {
    "precision": 0.6643258426966292,
    "recall": 0.7703583061889251,
    "f1-score": 0.7134238310708899,
    "support": 614.0
  },
  "accuracy": 0.7014925373134329,
  "macro avg": {
    "precision": 0.7064944721504536,
    "recall": 0.703843796493552,
    "f1-score": 0.7009742106174122,
    "support": 1273.0
  },
  "weighted avg": {
    "precision": 0.7079851149826784,
    "recall": 0.7014925373134329,
    "f1-score": 0.7005341219132436,
    "support": 1273.0
  }
}