{
  "0": {
    "precision": 0.650379598987736,
    "recall": 0.6628968253968254,
    "f1-score": 0.6565785594969048,
    "support": 5040.0
  },
  "1": {
    "precision": 0.6562816103580822,
    "recall": 0.6436507936507937,
    "f1-score": 0.6499048382249825,
    "support": 5040.0
  },
  "accuracy": 0.6532738095238095,
  "macro avg": {
    "precision": 0.653330604672909,
    "recall": 0.6532738095238095,
    "f1-score": 0.6532416988609436,
    "support": 10080.0
  },
  "weighted avg": {
    "precision": 0.6533306046729092,
    "recall": 0.6532738095238095,
    "f1-score": 0.6532416988609436,
    "support": 10080.0
  }
}