{
  "0": {
    "precision": 0.8030713640469738,
    "recall": 0.6854279105628374,
    "f1-score": 0.7396006655574043,
    "support": 1297.0
  },
  "1": {
    "precision": 0.4919053549190536,
    "recall": 0.6443719412724307,
    "f1-score": 0.557909604519774,
    "support": 613.0
  },
  "accuracy": 0.6722513089005235,
  "macro avg": {
    "precision": 0.6474883594830136,
    "recall": 0.664899925917634,
    "f1-score": 0.6487551350385892,
    "support": 1910.0
  },
  "weighted avg": {
    "precision": 0.7032049956724108,
    "recall": 0.6722513089005235,
    "f1-score": 0.6812882988474214,
    "support": 1910.0
  }
}