{
  "0": {
    "precision": 0.7887043189368771,
    "recall": 0.9151888974556669,
    "f1-score": 0.8472519628836546,
    "support": 1297.0
  },
  "1": {
    "precision": 0.7283950617283951,
    "recall": 0.4812398042414356,
    "f1-score": 0.5795677799607073,
    "support": 613.0
  },
  "accuracy": 0.7759162303664922,
  "macro avg": {
    "precision": 0.7585496903326361,
    "recall": 0.6982143508485512,
    "f1-score": 0.7134098714221809,
    "support": 1910.0
  },
  "weighted avg": {
    "precision": 0.7693485206809612,
    "recall": 0.7759162303664922,
    "f1-score": 0.7613407565319442,
    "support": 1910.0
  }
}