{
  "0": {
    "precision": 0.75,
    "recall": 0.8831562974203339,
    "f1-score": 0.8111498257839721,
    "support": 659.0
  },
  "1": {
    "precision": 0.8450704225352113,
    "recall": 0.6840390879478827,
    "f1-score": 0.7560756075607561,
    "support": 614.0
  },
  "accuracy": 0.7871170463472114,
  "macro avg": {
    "precision": 0.7975352112676056,
    "recall": 0.7835976926841083,
    "f1-score": 0.7836127166723641,
    "support": 1273.0
  },
  "weighted avg": {
    "precision": 0.7958548620868968,
    "recall": 0.7871170463472114,
    "f1-score": 0.7845861415820439,
    "support": 1273.0
  }
}