{
  "0": {
    "precision": 0.7844429795649308,
    "recall": 0.9175019275250579,
    "f1-score": 0.845771144278607,
    "support": 1297.0
  },
  "1": {
    "precision": 0.727735368956743,
    "recall": 0.466557911908646,
    "f1-score": 0.5685884691848907,
    "support": 613.0
  },
  "accuracy": 0.7727748691099476,
  "macro avg": {
    "precision": 0.7560891742608369,
    "recall": 0.6920299197168519,
    "f1-score": 0.7071798067317489,
    "support": 1910.0
  },
  "weighted avg": {
    "precision": 0.766243102443036,
    "recall": 0.7727748691099476,
    "f1-score": 0.7568114689736604,
    "support": 1910.0
  }
}