{
  "0": {
    "precision": 0.7487373737373737,
    "recall": 0.8998482549317147,
    "f1-score": 0.8173673328738801,
    "support": 659.0
  },
  "1": {
    "precision": 0.8627858627858628,
    "recall": 0.6758957654723127,
    "f1-score": 0.7579908675799086,
    "support": 614.0
  },
  "accuracy": 0.7918303220738413,
  "macro avg": {
    "precision": 0.8057616182616183,
    "recall": 0.7878720102020137,
    "f1-score": 0.7876791002268944,
    "support": 1273.0
  },
  "weighted avg": {
    "precision": 0.8037458358550268,
    "recall": 0.7918303220738413,
    "f1-score": 0.7887285664241562,
    "support": 1273.0
  }
}