{
  "0": {
    "precision": 0.6481876332622601,
    "recall": 0.6634920634920635,
    "f1-score": 0.6557505637807628,
    "support": 5040.0
  },
  "1": {
    "precision": 0.6553546027230238,
    "recall": 0.6398809523809523,
    "f1-score": 0.6475253488605561,
    "support": 5040.0
  },
  "accuracy": 0.651686507936508,
  "macro avg": {
    "precision": 0.651771117992642,
    "recall": 0.651686507936508,
    "f1-score": 0.6516379563206595,
    "support": 10080.0
  },
  "weighted avg": {
    "precision": 0.6517711179926421,
    "recall": 0.651686507936508,
    "f1-score": 0.6516379563206595,
    "support": 10080.0
  }
}