{
  "0": {
    "precision": 0.7517857142857143,
    "recall": 0.6388467374810318,
    "f1-score": 0.6907301066447908,
    "support": 659.0
  },
  "1": {
    "precision": 0.6661991584852734,
    "recall": 0.7736156351791531,
    "f1-score": 0.7159005275056518,
    "support": 614.0
  },
  "accuracy": 0.7038491751767478,
  "macro avg": {
    "precision": 0.7089924363854938,
    "recall": 0.7062311863300925,
    "f1-score": 0.7033153170752213,
    "support": 1273.0
  },
  "weighted avg": {
    "precision": 0.7105051602704192,
    "recall": 0.7038491751767478,
    "f1-score": 0.7028704353239492,
    "support": 1273.0
  }
}