{
  "0": {
    "precision": 0.8043282236248873,
    "recall": 0.6877409406322282,
    "f1-score": 0.741479634247714,
    "support": 1297.0
  },
  "1": {
    "precision": 0.4943820224719101,
    "recall": 0.6460032626427407,
    "f1-score": 0.5601131541725601,
    "support": 613.0
  },
  "accuracy": 0.6743455497382199,
  "macro avg": {
    "precision": 0.6493551230483987,
    "recall": 0.6668721016374844,
    "f1-score": 0.6507963942101371,
    "support": 1910.0
  },
  "weighted avg": {
    "precision": 0.7048533433595601,
    "recall": 0.6743455497382199,
    "f1-score": 0.6832714393335416,
    "support": 1910.0
  }
}