{
  "0": {
    "precision": 0.941132358455193,
    "recall": 0.996031746031746,
    "f1-score": 0.9678041256988625,
    "support": 5040.0
  },
  "1": {
    "precision": 0.9957859249894648,
    "recall": 0.9376984126984127,
    "f1-score": 0.9658696096464336,
    "support": 5040.0
  },
  "accuracy": 0.9668650793650794,
  "macro avg": {
    "precision": 0.9684591417223289,
    "recall": 0.9668650793650794,
    "f1-score": 0.9668368676726481,
    "support": 10080.0
  },
  "weighted avg": {
    "precision": 0.968459141722329,
    "recall": 0.9668650793650794,
    "f1-score": 0.9668368676726481,
    "support": 10080.0
  }
}