{
  "0": {
    "precision": 0.8023097826086957,
    "recall": 0.9105628373168851,
    "f1-score": 0.8530155290718671,
    "support": 1297.0
  },
  "1": {
    "precision": 0.7351598173515982,
    "recall": 0.5252854812398042,
    "f1-score": 0.6127497621313035,
    "support": 613.0
  },
  "accuracy": 0.7869109947643979,
  "macro avg": {
    "precision": 0.7687347999801469,
    "recall": 0.7179241592783447,
    "f1-score": 0.7328826456015853,
    "support": 1910.0
  },
  "weighted avg": {
    "precision": 0.7807585110366534,
    "recall": 0.7869109947643979,
    "f1-score": 0.7759040551794244,
    "support": 1910.0
  }
}