{
  "0": {
    "precision": 0.7669376693766937,
    "recall": 0.858877086494689,
    "f1-score": 0.8103078024337866,
    "support": 659.0
  },
  "1": {
    "precision": 0.8261682242990654,
    "recall": 0.7198697068403909,
    "f1-score": 0.7693646649260226,
    "support": 614.0
  },
  "accuracy": 0.7918303220738413,
  "macro avg": {
    "precision": 0.7965529468378796,
    "recall": 0.7893733966675399,
    "f1-score": 0.7898362336799046,
    "support": 1273.0
  },
  "weighted avg": {
    "precision": 0.7955060595749154,
    "recall": 0.7918303220738413,
    "f1-score": 0.7905598947906075,
    "support": 1273.0
  }
}