{
  "0": {
    "precision": 0.7535483870967742,
    "recall": 0.8861911987860395,
    "f1-score": 0.8145048814504882,
    "support": 659.0
  },
  "1": {
    "precision": 0.8493975903614458,
    "recall": 0.6889250814332247,
    "f1-score": 0.7607913669064749,
    "support": 614.0
  },
  "accuracy": 0.7910447761194029,
  "macro avg": {
    "precision": 0.80147298872911,
    "recall": 0.7875581401096321,
    "f1-score": 0.7876481241784815,
    "support": 1273.0
  },
  "weighted avg": {
    "precision": 0.7997788747672442,
    "recall": 0.7910447761194029,
    "f1-score": 0.7885974989445775,
    "support": 1273.0
  }
}