{
  "0": {
    "precision": 0.7966216216216216,
    "recall": 0.9090208172706246,
    "f1-score": 0.8491177529708318,
    "support": 1297.0
  },
  "1": {
    "precision": 0.7255813953488373,
    "recall": 0.5089722675367048,
    "f1-score": 0.5982742090124641,
    "support": 613.0
  },
  "accuracy": 0.7806282722513089,
  "macro avg": {
    "precision": 0.7611015084852295,
    "recall": 0.7089965424036646,
    "f1-score": 0.7236959809916479,
    "support": 1910.0
  },
  "weighted avg": {
    "precision": 0.7738218003099897,
    "recall": 0.7806282722513089,
    "f1-score": 0.7686114218470206,
    "support": 1910.0
  }
}