{
  "0": {
    "precision": 0.6443763173021652,
    "recall": 0.6672619047619047,
    "f1-score": 0.655619456087338,
    "support": 5040.0
  },
  "1": {
    "precision": 0.6550092573544538,
    "recall": 0.6317460317460317,
    "f1-score": 0.6431673568326431,
    "support": 5040.0
  },
  "accuracy": 0.6495039682539683,
  "macro avg": {
    "precision": 0.6496927873283095,
    "recall": 0.6495039682539683,
    "f1-score": 0.6493934064599906,
    "support": 10080.0
  },
  "weighted avg": {
    "precision": 0.6496927873283095,
    "recall": 0.6495039682539683,
    "f1-score": 0.6493934064599906,
    "support": 10080.0
  }
}