{
  "0": {
    "precision": 0.7517123287671232,
    "recall": 0.6661608497723824,
    "f1-score": 0.7063555913113435,
    "support": 659.0
  },
  "1": {
    "precision": 0.6806966618287373,
    "recall": 0.7638436482084691,
    "f1-score": 0.7198772064466615,
    "support": 614.0
  },
  "accuracy": 0.7132757266300078,
  "macro avg": {
    "precision": 0.7162044952979303,
    "recall": 0.7150022489904257,
    "f1-score": 0.7131163988790026,
    "support": 1273.0
  },
  "weighted avg": {
    "precision": 0.7174596818698971,
    "recall": 0.7132757266300078,
    "f1-score": 0.7128774072524946,
    "support": 1273.0
  }
}