{
  "0": {
    "precision": 0.8025022341376229,
    "recall": 0.69236700077101,
    "f1-score": 0.7433774834437086,
    "support": 1297.0
  },
  "1": {
    "precision": 0.49557522123893805,
    "recall": 0.6394779771615008,
    "f1-score": 0.5584045584045584,
    "support": 613.0
  },
  "accuracy": 0.675392670157068,
  "macro avg": {
    "precision": 0.6490387276882805,
    "recall": 0.6659224889662554,
    "f1-score": 0.6508910209241334,
    "support": 1910.0
  },
  "weighted avg": {
    "precision": 0.7039963394219717,
    "recall": 0.675392670157068,
    "f1-score": 0.6840118273971122,
    "support": 1910.0
  }
}