{
  "0": {
    "precision": 0.7952861952861953,
    "recall": 0.9105628373168851,
    "f1-score": 0.8490294751976994,
    "support": 1297.0
  },
  "1": {
    "precision": 0.7270588235294118,
    "recall": 0.5040783034257749,
    "f1-score": 0.5953757225433526,
    "support": 613.0
  },
  "accuracy": 0.7801047120418848,
  "macro avg": {
    "precision": 0.7611725094078035,
    "recall": 0.70732057037133,
    "f1-score": 0.7222025988705261,
    "support": 1910.0
  },
  "weighted avg": {
    "precision": 0.7733891382773428,
    "recall": 0.7801047120418848,
    "f1-score": 0.7676212289269587,
    "support": 1910.0
  }
}