{
  "0": {
    "precision": 0.7651006711409396,
    "recall": 0.8649468892261002,
    "f1-score": 0.811965811965812,
    "support": 659.0
  },
  "1": {
    "precision": 0.8314393939393939,
    "recall": 0.7149837133550488,
    "f1-score": 0.7688266199649737,
    "support": 614.0
  },
  "accuracy": 0.7926158680282797,
  "macro avg": {
    "precision": 0.7982700325401668,
    "recall": 0.7899653012905745,
    "f1-score": 0.7903962159653928,
    "support": 1273.0
  },
  "weighted avg": {
    "precision": 0.7970975099455357,
    "recall": 0.7926158680282797,
    "f1-score": 0.7911586918648578,
    "support": 1273.0
  }
}