{
  "0": {
    "precision": 0.9458183877666604,
    "recall": 0.9940476190476191,
    "f1-score": 0.969333462319822,
    "support": 5040.0
  },
  "1": {
    "precision": 0.9937277859084257,
    "recall": 0.9430555555555555,
    "f1-score": 0.9677287997556755,
    "support": 5040.0
  },
  "accuracy": 0.9685515873015873,
  "macro avg": {
    "precision": 0.969773086837543,
    "recall": 0.9685515873015873,
    "f1-score": 0.9685311310377487,
    "support": 10080.0
  },
  "weighted avg": {
    "precision": 0.969773086837543,
    "recall": 0.9685515873015873,
    "f1-score": 0.9685311310377489,
    "support": 10080.0
  }
}