{
  "0": {
    "precision": 0.8170173833485819,
    "recall": 0.6885119506553585,
    "f1-score": 0.7472803347280335,
    "support": 1297.0
  },
  "1": {
    "precision": 0.5055079559363526,
    "recall": 0.6737357259380098,
    "f1-score": 0.5776223776223777,
    "support": 613.0
  },
  "accuracy": 0.6837696335078534,
  "macro avg": {
    "precision": 0.6612626696424673,
    "recall": 0.6811238382966842,
    "f1-score": 0.6624513561752056,
    "support": 1910.0
  },
  "weighted avg": {
    "precision": 0.7170407974827722,
    "recall": 0.6837696335078534,
    "f1-score": 0.6928299013742287,
    "support": 1910.0
  }
}