{
  "0": {
    "precision": 0.7956600361663653,
    "recall": 0.6676783004552352,
    "f1-score": 0.7260726072607261,
    "support": 659.0
  },
  "1": {
    "precision": 0.6958333333333333,
    "recall": 0.8159609120521173,
    "f1-score": 0.7511244377811095,
    "support": 614.0
  },
  "accuracy": 0.7391987431264729,
  "macro avg": {
    "precision": 0.7457466847498493,
    "recall": 0.7418196062536763,
    "f1-score": 0.7385985225209177,
    "support": 1273.0
  },
  "weighted avg": {
    "precision": 0.7475111001573459,
    "recall": 0.7391987431264729,
    "f1-score": 0.738155736828295,
    "support": 1273.0
  }
}