{
  "0": {
    "precision": 0.8150275185451065,
    "recall": 0.6757936507936508,
    "f1-score": 0.7389087753552446,
    "support": 5040.0
  },
  "1": {
    "precision": 0.47628205128205126,
    "recall": 0.6578131916777336,
    "f1-score": 0.5525190555865402,
    "support": 2259.0
  },
  "accuracy": 0.6702287984655432,
  "macro avg": {
    "precision": 0.6456547849135789,
    "recall": 0.6668034212356921,
    "f1-score": 0.6457139154708924,
    "support": 7299.0
  },
  "weighted avg": {
    "precision": 0.7101876760259612,
    "recall": 0.6702287984655432,
    "f1-score": 0.681222191308457,
    "support": 7299.0
  }
}