{
  "0": {
    "precision": 0.79890560875513,
    "recall": 0.9005397070161912,
    "f1-score": 0.8466835810076114,
    "support": 1297.0
  },
  "1": {
    "precision": 0.7120535714285714,
    "recall": 0.5203915171288744,
    "f1-score": 0.6013195098963242,
    "support": 613.0
  },
  "accuracy": 0.7785340314136125,
  "macro avg": {
    "precision": 0.7554795900918507,
    "recall": 0.7104656120725328,
    "f1-score": 0.7240015454519678,
    "support": 1910.0
  },
  "weighted avg": {
    "precision": 0.7710311067230984,
    "recall": 0.7785340314136125,
    "f1-score": 0.7679358450959786,
    "support": 1910.0
  }
}