{
  "0": {
    "precision": 0.9602294455066922,
    "recall": 0.9964285714285714,
    "f1-score": 0.9779941577409932,
    "support": 5040.0
  },
  "1": {
    "precision": 0.9962886597938144,
    "recall": 0.9587301587301588,
    "f1-score": 0.9771486349848332,
    "support": 5040.0
  },
  "accuracy": 0.977579365079365,
  "macro avg": {
    "precision": 0.9782590526502533,
    "recall": 0.9775793650793652,
    "f1-score": 0.9775713963629131,
    "support": 10080.0
  },
  "weighted avg": {
    "precision": 0.9782590526502533,
    "recall": 0.977579365079365,
    "f1-score": 0.9775713963629132,
    "support": 10080.0
  }
}