{
  "0": {
    "precision": 0.7990495587236931,
    "recall": 0.9074787972243639,
    "f1-score": 0.8498194945848375,
    "support": 1297.0
  },
  "1": {
    "precision": 0.7254004576659039,
    "recall": 0.5171288743882545,
    "f1-score": 0.6038095238095238,
    "support": 613.0
  },
  "accuracy": 0.7821989528795812,
  "macro avg": {
    "precision": 0.7622250081947985,
    "recall": 0.7123038358063092,
    "f1-score": 0.7268145091971807,
    "support": 1910.0
  },
  "weighted avg": {
    "precision": 0.7754124388554078,
    "recall": 0.7821989528795812,
    "f1-score": 0.7708644620794619,
    "support": 1910.0
  }
}