{
  "0": {
    "precision": 0.951533510034078,
    "recall": 0.9972222222222222,
    "f1-score": 0.9738422786281729,
    "support": 5040.0
  },
  "1": {
    "precision": 0.9970821175489787,
    "recall": 0.9492063492063492,
    "f1-score": 0.9725553974385037,
    "support": 5040.0
  },
  "accuracy": 0.9732142857142857,
  "macro avg": {
    "precision": 0.9743078137915284,
    "recall": 0.9732142857142857,
    "f1-score": 0.9731988380333383,
    "support": 10080.0
  },
  "weighted avg": {
    "precision": 0.9743078137915283,
    "recall": 0.9732142857142857,
    "f1-score": 0.9731988380333383,
    "support": 10080.0
  }
}