{
  "0": {
    "precision": 0.9541650817801446,
    "recall": 0.995436507936508,
    "f1-score": 0.9743639541658574,
    "support": 5040.0
  },
  "1": {
    "precision": 0.995230194939859,
    "recall": 0.9521825396825396,
    "f1-score": 0.9732305820320422,
    "support": 5040.0
  },
  "accuracy": 0.9738095238095238,
  "macro avg": {
    "precision": 0.9746976383600018,
    "recall": 0.9738095238095238,
    "f1-score": 0.9737972680989497,
    "support": 10080.0
  },
  "weighted avg": {
    "precision": 0.9746976383600018,
    "recall": 0.9738095238095238,
    "f1-score": 0.9737972680989496,
    "support": 10080.0
  }
}