{
  "0": {
    "precision": 0.8034722222222223,
    "recall": 0.8920585967617579,
    "f1-score": 0.845451223967848,
    "support": 1297.0
  },
  "1": {
    "precision": 0.7021276595744681,
    "recall": 0.5383360522022839,
    "f1-score": 0.6094182825484764,
    "support": 613.0
  },
  "accuracy": 0.7785340314136125,
  "macro avg": {
    "precision": 0.7527999408983452,
    "recall": 0.7151973244820209,
    "f1-score": 0.7274347532581622,
    "support": 1910.0
  },
  "weighted avg": {
    "precision": 0.770946454210142,
    "recall": 0.7785340314136125,
    "f1-score": 0.7696982432924161,
    "support": 1910.0
  }
}