{
  "0": {
    "precision": 0.7692307692307693,
    "recall": 0.849772382397572,
    "f1-score": 0.8074981975486661,
    "support": 659.0
  },
  "1": {
    "precision": 0.818348623853211,
    "recall": 0.7263843648208469,
    "f1-score": 0.7696289905090595,
    "support": 614.0
  },
  "accuracy": 0.7902592301649647,
  "macro avg": {
    "precision": 0.7937896965419902,
    "recall": 0.7880783736092094,
    "f1-score": 0.7885635940288629,
    "support": 1273.0
  },
  "weighted avg": {
    "precision": 0.7929215490722298,
    "recall": 0.7902592301649647,
    "f1-score": 0.7892329240825873,
    "support": 1273.0
  }
}