{
  "0": {
    "precision": 0.7921906022501655,
    "recall": 0.9228989976869699,
    "f1-score": 0.8525641025641025,
    "support": 1297.0
  },
  "1": {
    "precision": 0.7493734335839599,
    "recall": 0.48776508972267535,
    "f1-score": 0.5909090909090909,
    "support": 613.0
  },
  "accuracy": 0.7832460732984293,
  "macro avg": {
    "precision": 0.7707820179170627,
    "recall": 0.7053320437048226,
    "f1-score": 0.7217365967365967,
    "support": 1910.0
  },
  "weighted avg": {
    "precision": 0.7784487570185508,
    "recall": 0.7832460732984293,
    "f1-score": 0.7685879129596407,
    "support": 1910.0
  }
}