{
  "0": {
    "precision": 0.747141041931385,
    "recall": 0.8922610015174507,
    "f1-score": 0.8132780082987552,
    "support": 659.0
  },
  "1": {
    "precision": 0.8539094650205762,
    "recall": 0.6758957654723127,
    "f1-score": 0.7545454545454545,
    "support": 614.0
  },
  "accuracy": 0.7879025923016496,
  "macro avg": {
    "precision": 0.8005252534759806,
    "recall": 0.7840783834948817,
    "f1-score": 0.7839117314221049,
    "support": 1273.0
  },
  "weighted avg": {
    "precision": 0.7986381446625423,
    "recall": 0.7879025923016496,
    "f1-score": 0.7849498166219864,
    "support": 1273.0
  }
}