{
  "0": {
    "precision": 0.8037318590186593,
    "recall": 0.8966846569005397,
    "f1-score": 0.847667638483965,
    "support": 1297.0
  },
  "1": {
    "precision": 0.7105831533477321,
    "recall": 0.5367047308319739,
    "f1-score": 0.6115241635687733,
    "support": 613.0
  },
  "accuracy": 0.7811518324607329,
  "macro avg": {
    "precision": 0.7571575061831957,
    "recall": 0.7166946938662568,
    "f1-score": 0.7295959010263691,
    "support": 1910.0
  },
  "weighted avg": {
    "precision": 0.773836489083435,
    "recall": 0.7811518324607329,
    "f1-score": 0.7718791829221784,
    "support": 1910.0
  }
}