{
  "0": {
    "precision": 0.9458898944193062,
    "recall": 0.995436507936508,
    "f1-score": 0.970030935808198,
    "support": 5040.0
  },
  "1": {
    "precision": 0.9951842546063652,
    "recall": 0.9430555555555555,
    "f1-score": 0.9684189079054605,
    "support": 5040.0
  },
  "accuracy": 0.9692460317460317,
  "macro avg": {
    "precision": 0.9705370745128357,
    "recall": 0.9692460317460317,
    "f1-score": 0.9692249218568292,
    "support": 10080.0
  },
  "weighted avg": {
    "precision": 0.9705370745128358,
    "recall": 0.9692460317460317,
    "f1-score": 0.9692249218568292,
    "support": 10080.0
  }
}