{
  "0": {
    "precision": 0.771978021978022,
    "recall": 0.8528072837632777,
    "f1-score": 0.8103821196827685,
    "support": 659.0
  },
  "1": {
    "precision": 0.8220183486238533,
    "recall": 0.7296416938110749,
    "f1-score": 0.7730802415875755,
    "support": 614.0
  },
  "accuracy": 0.793401413982718,
  "macro avg": {
    "precision": 0.7969981853009376,
    "recall": 0.7912244887871763,
    "f1-score": 0.791731180635172,
    "support": 1273.0
  },
  "weighted avg": {
    "precision": 0.796113733337441,
    "recall": 0.793401413982718,
    "f1-score": 0.7923904832723612,
    "support": 1273.0
  }
}