{
  "0": {
    "precision": 0.8031135531135531,
    "recall": 0.6761757902852737,
    "f1-score": 0.7341984093763081,
    "support": 1297.0
  },
  "1": {
    "precision": 0.48655256723716384,
    "recall": 0.6492659053833605,
    "f1-score": 0.5562543675751223,
    "support": 613.0
  },
  "accuracy": 0.6675392670157068,
  "macro avg": {
    "precision": 0.6448330601753585,
    "recall": 0.6627208478343172,
    "f1-score": 0.6452263884757152,
    "support": 1910.0
  },
  "weighted avg": {
    "precision": 0.7015157079081988,
    "recall": 0.6675392670157068,
    "f1-score": 0.6770886200443045,
    "support": 1910.0
  }
}