{
  "0": {
    "precision": 0.6449796076908137,
    "recall": 0.6589285714285714,
    "f1-score": 0.6518794778682894,
    "support": 5040.0
  },
  "1": {
    "precision": 0.6513891705536402,
    "recall": 0.6373015873015873,
    "f1-score": 0.6442683782970615,
    "support": 5040.0
  },
  "accuracy": 0.6481150793650794,
  "macro avg": {
    "precision": 0.648184389122227,
    "recall": 0.6481150793650794,
    "f1-score": 0.6480739280826755,
    "support": 10080.0
  },
  "weighted avg": {
    "precision": 0.648184389122227,
    "recall": 0.6481150793650794,
    "f1-score": 0.6480739280826755,
    "support": 10080.0
  }
}