{
  "0": {
    "precision": 0.7412587412587412,
    "recall": 0.6433990895295902,
    "f1-score": 0.6888708367181153,
    "support": 659.0
  },
  "1": {
    "precision": 0.6647646219686163,
    "recall": 0.758957654723127,
    "f1-score": 0.708745247148289,
    "support": 614.0
  },
  "accuracy": 0.6991358994501178,
  "macro avg": {
    "precision": 0.7030116816136788,
    "recall": 0.7011783721263587,
    "f1-score": 0.6988080419332021,
    "support": 1273.0
  },
  "weighted avg": {
    "precision": 0.704363698647479,
    "recall": 0.6991358994501178,
    "f1-score": 0.6984567660222211,
    "support": 1273.0
  }
}