{
  "0": {
    "precision": 0.754813863928113,
    "recall": 0.8922610015174507,
    "f1-score": 0.8178025034770514,
    "support": 659.0
  },
  "1": {
    "precision": 0.8562753036437247,
    "recall": 0.6889250814332247,
    "f1-score": 0.7635379061371841,
    "support": 614.0
  },
  "accuracy": 0.7941869599371564,
  "macro avg": {
    "precision": 0.8055445837859189,
    "recall": 0.7905930414753377,
    "f1-score": 0.7906702048071177,
    "support": 1273.0
  },
  "weighted avg": {
    "precision": 0.8037512747571669,
    "recall": 0.7941869599371564,
    "f1-score": 0.7916293198425829,
    "support": 1273.0
  }
}