{
  "0": {
    "precision": 0.7881412391738841,
    "recall": 0.9121048573631457,
    "f1-score": 0.8456040028591851,
    "support": 1297.0
  },
  "1": {
    "precision": 0.7212713936430318,
    "recall": 0.4812398042414356,
    "f1-score": 0.5772994129158513,
    "support": 613.0
  },
  "accuracy": 0.7738219895287958,
  "macro avg": {
    "precision": 0.754706316408458,
    "recall": 0.6966723308022906,
    "f1-score": 0.7114517078875182,
    "support": 1910.0
  },
  "weighted avg": {
    "precision": 0.7666798699014169,
    "recall": 0.7738219895287958,
    "f1-score": 0.7594936815841781,
    "support": 1910.0
  }
}