{
  "0": {
    "precision": 0.7532133676092545,
    "recall": 0.8892261001517451,
    "f1-score": 0.8155880306193458,
    "support": 659.0
  },
  "1": {
    "precision": 0.8525252525252526,
    "recall": 0.6872964169381107,
    "f1-score": 0.7610459873760145,
    "support": 614.0
  },
  "accuracy": 0.7918303220738413,
  "macro avg": {
    "precision": 0.8028693100672535,
    "recall": 0.7882612585449279,
    "f1-score": 0.7883170089976801,
    "support": 1273.0
  },
  "weighted avg": {
    "precision": 0.8011139939552269,
    "recall": 0.7918303220738413,
    "f1-score": 0.7892810278295537,
    "support": 1273.0
  }
}