{
  "0": {
    "precision": 0.7954545454545454,
    "recall": 0.9175019275250579,
    "f1-score": 0.8521303258145363,
    "support": 1297.0
  },
  "1": {
    "precision": 0.7415458937198067,
    "recall": 0.5008156606851549,
    "f1-score": 0.5978578383641675,
    "support": 613.0
  },
  "accuracy": 0.7837696335078534,
  "macro avg": {
    "precision": 0.7685002195871761,
    "recall": 0.7091587941051064,
    "f1-score": 0.7249940820893519,
    "support": 1910.0
  },
  "weighted avg": {
    "precision": 0.7781529729344435,
    "recall": 0.7837696335078534,
    "f1-score": 0.7705235013082137,
    "support": 1910.0
  }
}