{
  "0": {
    "precision": 0.7522281639928698,
    "recall": 0.6403641881638846,
    "f1-score": 0.6918032786885245,
    "support": 659.0
  },
  "1": {
    "precision": 0.6671348314606742,
    "recall": 0.7736156351791531,
    "f1-score": 0.7164404223227753,
    "support": 614.0
  },
  "accuracy": 0.7046347211311862,
  "macro avg": {
    "precision": 0.709681497726772,
    "recall": 0.7069899116715188,
    "f1-score": 0.7041218505056499,
    "support": 1273.0
  },
  "weighted avg": {
    "precision": 0.7111855039969798,
    "recall": 0.7046347211311862,
    "f1-score": 0.7036863943141569,
    "support": 1273.0
  }
}