{
  "0": {
    "precision": 0.6463367855772919,
    "recall": 0.6686507936507936,
    "f1-score": 0.6573044665496391,
    "support": 5040.0
  },
  "1": {
    "precision": 0.6568023016851624,
    "recall": 0.6341269841269841,
    "f1-score": 0.6452654956591964,
    "support": 5040.0
  },
  "accuracy": 0.6513888888888889,
  "macro avg": {
    "precision": 0.6515695436312272,
    "recall": 0.6513888888888888,
    "f1-score": 0.6512849811044178,
    "support": 10080.0
  },
  "weighted avg": {
    "precision": 0.6515695436312272,
    "recall": 0.6513888888888889,
    "f1-score": 0.6512849811044178,
    "support": 10080.0
  }
}