{
  "0": {
    "precision": 0.8034576888080073,
    "recall": 0.6808018504240555,
    "f1-score": 0.7370617696160268,
    "support": 1297.0
  },
  "1": {
    "precision": 0.48951911220715166,
    "recall": 0.6476345840130505,
    "f1-score": 0.5575842696629213,
    "support": 613.0
  },
  "accuracy": 0.6701570680628273,
  "macro avg": {
    "precision": 0.6464884005075795,
    "recall": 0.664218217218553,
    "f1-score": 0.647323019639474,
    "support": 1910.0
  },
  "weighted avg": {
    "precision": 0.7027014859512928,
    "recall": 0.6701570680628273,
    "f1-score": 0.6794598285316008,
    "support": 1910.0
  }
}