{
  "0": {
    "precision": 0.6467181467181468,
    "recall": 0.6646825396825397,
    "f1-score": 0.6555772994129159,
    "support": 5040.0
  },
  "1": {
    "precision": 0.6551020408163265,
    "recall": 0.6369047619047619,
    "f1-score": 0.6458752515090543,
    "support": 5040.0
  },
  "accuracy": 0.6507936507936508,
  "macro avg": {
    "precision": 0.6509100937672366,
    "recall": 0.6507936507936507,
    "f1-score": 0.650726275460985,
    "support": 10080.0
  },
  "weighted avg": {
    "precision": 0.6509100937672366,
    "recall": 0.6507936507936508,
    "f1-score": 0.6507262754609852,
    "support": 10080.0
  }
}