{
  "0": {
    "precision": 0.8083560399636693,
    "recall": 0.6861989205859677,
    "f1-score": 0.7422852376980817,
    "support": 1297.0
  },
  "1": {
    "precision": 0.4969097651421508,
    "recall": 0.6557911908646004,
    "f1-score": 0.5654008438818565,
    "support": 613.0
  },
  "accuracy": 0.6764397905759162,
  "macro avg": {
    "precision": 0.6526329025529101,
    "recall": 0.670995055725284,
    "f1-score": 0.6538430407899691,
    "support": 1910.0
  },
  "weighted avg": {
    "precision": 0.7083997224424177,
    "recall": 0.6764397905759162,
    "f1-score": 0.6855155343424032,
    "support": 1910.0
  }
}