{
  "0": {
    "precision": 0.7410562180579217,
    "recall": 0.6600910470409712,
    "f1-score": 0.6982343499197432,
    "support": 659.0
  },
  "1": {
    "precision": 0.673469387755102,
    "recall": 0.752442996742671,
    "f1-score": 0.7107692307692308,
    "support": 614.0
  },
  "accuracy": 0.7046347211311862,
  "macro avg": {
    "precision": 0.7072628029065118,
    "recall": 0.7062670218918211,
    "f1-score": 0.704501790344487,
    "support": 1273.0
  },
  "weighted avg": {
    "precision": 0.7084573855316599,
    "recall": 0.7046347211311862,
    "f1-score": 0.7042802390333216,
    "support": 1273.0
  }
}