{
  "0": {
    "precision": 0.9460682632472186,
    "recall": 0.995436507936508,
    "f1-score": 0.9701247220342261,
    "support": 5040.0
  },
  "1": {
    "precision": 0.9951852627171865,
    "recall": 0.9432539682539682,
    "f1-score": 0.9685239889986758,
    "support": 5040.0
  },
  "accuracy": 0.9693452380952381,
  "macro avg": {
    "precision": 0.9706267629822025,
    "recall": 0.9693452380952381,
    "f1-score": 0.9693243555164509,
    "support": 10080.0
  },
  "weighted avg": {
    "precision": 0.9706267629822024,
    "recall": 0.9693452380952381,
    "f1-score": 0.9693243555164509,
    "support": 10080.0
  }
}