{
  "0": {
    "precision": 0.7975376196990424,
    "recall": 0.8989976869699307,
    "f1-score": 0.8452337803552011,
    "support": 1297.0
  },
  "1": {
    "precision": 0.7075892857142857,
    "recall": 0.5171288743882545,
    "f1-score": 0.5975494816211122,
    "support": 613.0
  },
  "accuracy": 0.7764397905759163,
  "macro avg": {
    "precision": 0.752563452706664,
    "recall": 0.7080632806790925,
    "f1-score": 0.7213916309881567,
    "support": 1910.0
  },
  "weighted avg": {
    "precision": 0.7686693847604791,
    "recall": 0.7764397905759163,
    "f1-score": 0.7657413850023234,
    "support": 1910.0
  }
}