{
  "0": {
    "precision": 0.7644683714670256,
    "recall": 0.8619119878603946,
    "f1-score": 0.8102710413694721,
    "support": 659.0
  },
  "1": {
    "precision": 0.8283018867924529,
    "recall": 0.7149837133550488,
    "f1-score": 0.7674825174825175,
    "support": 614.0
  },
  "accuracy": 0.7910447761194029,
  "macro avg": {
    "precision": 0.7963851291297392,
    "recall": 0.7884478506077217,
    "f1-score": 0.7888767794259948,
    "support": 1273.0
  },
  "weighted avg": {
    "precision": 0.7952568855360063,
    "recall": 0.7910447761194029,
    "f1-score": 0.7896330573423,
    "support": 1273.0
  }
}