{
  "0": {
    "precision": 0.6493431221020093,
    "recall": 0.6668650793650793,
    "f1-score": 0.6579874706342992,
    "support": 5040.0
  },
  "1": {
    "precision": 0.657626427406199,
    "recall": 0.6398809523809523,
    "f1-score": 0.6486323411102172,
    "support": 5040.0
  },
  "accuracy": 0.6533730158730159,
  "macro avg": {
    "precision": 0.6534847747541042,
    "recall": 0.6533730158730158,
    "f1-score": 0.6533099058722582,
    "support": 10080.0
  },
  "weighted avg": {
    "precision": 0.6534847747541042,
    "recall": 0.6533730158730159,
    "f1-score": 0.6533099058722581,
    "support": 10080.0
  }
}