{
  "0": {
    "precision": 0.7504393673110721,
    "recall": 0.6479514415781487,
    "f1-score": 0.6954397394136808,
    "support": 659.0
  },
  "1": {
    "precision": 0.6704545454545454,
    "recall": 0.7687296416938111,
    "f1-score": 0.716236722306525,
    "support": 614.0
  },
  "accuracy": 0.7062058130400628,
  "macro avg": {
    "precision": 0.7104469563828087,
    "recall": 0.7083405416359798,
    "f1-score": 0.7058382308601029,
    "support": 1273.0
  },
  "weighted avg": {
    "precision": 0.7118606708303907,
    "recall": 0.7062058130400628,
    "f1-score": 0.705470648680143,
    "support": 1273.0
  }
}