{
  "0": {
    "precision": 0.803395889186774,
    "recall": 0.6931380107941403,
    "f1-score": 0.7442052980132451,
    "support": 1297.0
  },
  "1": {
    "precision": 0.4968394437420986,
    "recall": 0.6411092985318108,
    "f1-score": 0.5598290598290598,
    "support": 613.0
  },
  "accuracy": 0.6764397905759162,
  "macro avg": {
    "precision": 0.6501176664644363,
    "recall": 0.6671236546629755,
    "f1-score": 0.6520171789211524,
    "support": 1910.0
  },
  "weighted avg": {
    "precision": 0.7050089252822788,
    "recall": 0.6764397905759162,
    "f1-score": 0.685031144082928,
    "support": 1910.0
  }
}