{
  "0": {
    "precision": 0.9469210426898376,
    "recall": 0.9946428571428572,
    "f1-score": 0.9701954712599187,
    "support": 5040.0
  },
  "1": {
    "precision": 0.9943585457584622,
    "recall": 0.9442460317460317,
    "f1-score": 0.9686545898636271,
    "support": 5040.0
  },
  "accuracy": 0.9694444444444444,
  "macro avg": {
    "precision": 0.9706397942241498,
    "recall": 0.9694444444444444,
    "f1-score": 0.9694250305617729,
    "support": 10080.0
  },
  "weighted avg": {
    "precision": 0.9706397942241499,
    "recall": 0.9694444444444444,
    "f1-score": 0.9694250305617729,
    "support": 10080.0
  }
}