{
  "0": {
    "precision": 0.7970128988458928,
    "recall": 0.905165767154973,
    "f1-score": 0.8476534296028881,
    "support": 1297.0
  },
  "1": {
    "precision": 0.7185354691075515,
    "recall": 0.5122349102773246,
    "f1-score": 0.5980952380952381,
    "support": 613.0
  },
  "accuracy": 0.7790575916230367,
  "macro avg": {
    "precision": 0.7577741839767221,
    "recall": 0.7087003387161488,
    "f1-score": 0.7228743338490631,
    "support": 1910.0
  },
  "weighted avg": {
    "precision": 0.7718261635424356,
    "recall": 0.7790575916230367,
    "f1-score": 0.7675596225902236,
    "support": 1910.0
  }
}