{
  "0": {
    "precision": 0.7641509433962265,
    "recall": 0.8603945371775418,
    "f1-score": 0.8094218415417559,
    "support": 659.0
  },
  "1": {
    "precision": 0.8267419962335216,
    "recall": 0.7149837133550488,
    "f1-score": 0.7668122270742358,
    "support": 614.0
  },
  "accuracy": 0.7902592301649647,
  "macro avg": {
    "precision": 0.795446469814874,
    "recall": 0.7876891252662953,
    "f1-score": 0.7881170343079958,
    "support": 1273.0
  },
  "weighted avg": {
    "precision": 0.7943401864772156,
    "recall": 0.7902592301649647,
    "f1-score": 0.7888701500389614,
    "support": 1273.0
  }
}