{
  "0": {
    "precision": 0.7557840616966581,
    "recall": 0.8922610015174507,
    "f1-score": 0.8183716075156576,
    "support": 659.0
  },
  "1": {
    "precision": 0.8565656565656565,
    "recall": 0.6905537459283387,
    "f1-score": 0.7646528403967539,
    "support": 614.0
  },
  "accuracy": 0.7949725058915946,
  "macro avg": {
    "precision": 0.8061748591311573,
    "recall": 0.7914073737228947,
    "f1-score": 0.7915122239562058,
    "support": 1273.0
  },
  "weighted avg": {
    "precision": 0.8043935662132057,
    "recall": 0.7949725058915946,
    "f1-score": 0.7924616915604283,
    "support": 1273.0
  }
}