{
  "0": {
    "precision": 0.7948034643570953,
    "recall": 0.9198149575944488,
    "f1-score": 0.8527519656897784,
    "support": 1297.0
  },
  "1": {
    "precision": 0.7457212713936431,
    "recall": 0.49755301794453505,
    "f1-score": 0.5968688845401174,
    "support": 613.0
  },
  "accuracy": 0.7842931937172775,
  "macro avg": {
    "precision": 0.7702623678753692,
    "recall": 0.7086839877694919,
    "f1-score": 0.7248104251149479,
    "support": 1910.0
  },
  "weighted avg": {
    "precision": 0.7790509071389821,
    "recall": 0.7842931937172775,
    "f1-score": 0.7706282333626883,
    "support": 1910.0
  }
}