{
  "0": {
    "precision": 0.7590847913862718,
    "recall": 0.8558421851289834,
    "f1-score": 0.8045649072753209,
    "support": 659.0
  },
  "1": {
    "precision": 0.8207547169811321,
    "recall": 0.7084690553745928,
    "f1-score": 0.7604895104895105,
    "support": 614.0
  },
  "accuracy": 0.7847604084838963,
  "macro avg": {
    "precision": 0.789919754183702,
    "recall": 0.7821556202517881,
    "f1-score": 0.7825272088824158,
    "support": 1273.0
  },
  "weighted avg": {
    "precision": 0.7888297515710669,
    "recall": 0.7847604084838963,
    "f1-score": 0.7833062319992112,
    "support": 1273.0
  }
}