{
  "0": {
    "precision": 0.8042436687200547,
    "recall": 0.9059367771781033,
    "f1-score": 0.8520667150108775,
    "support": 1297.0
  },
  "1": {
    "precision": 0.7282850779510023,
    "recall": 0.533442088091354,
    "f1-score": 0.615819209039548,
    "support": 613.0
  },
  "accuracy": 0.7863874345549738,
  "macro avg": {
    "precision": 0.7662643733355285,
    "recall": 0.7196894326347286,
    "f1-score": 0.7339429620252127,
    "support": 1910.0
  },
  "weighted avg": {
    "precision": 0.7798653356617149,
    "recall": 0.7863874345549738,
    "f1-score": 0.776244871471388,
    "support": 1910.0
  }
}