{
  "0": {
    "precision": 0.9489603024574669,
    "recall": 0.996031746031746,
    "f1-score": 0.9719264278799613,
    "support": 5040.0
  },
  "1": {
    "precision": 0.9958246346555324,
    "recall": 0.9464285714285714,
    "f1-score": 0.970498474059003,
    "support": 5040.0
  },
  "accuracy": 0.9712301587301587,
  "macro avg": {
    "precision": 0.9723924685564996,
    "recall": 0.9712301587301587,
    "f1-score": 0.9712124509694822,
    "support": 10080.0
  },
  "weighted avg": {
    "precision": 0.9723924685564996,
    "recall": 0.9712301587301587,
    "f1-score": 0.971212450969482,
    "support": 10080.0
  }
}