{
  "0": {
    "precision": 0.9545281582952816,
    "recall": 0.995436507936508,
    "f1-score": 0.9745532245532246,
    "support": 5040.0
  },
  "1": {
    "precision": 0.9952321724709784,
    "recall": 0.952579365079365,
    "f1-score": 0.9734387672343877,
    "support": 5040.0
  },
  "accuracy": 0.9740079365079365,
  "macro avg": {
    "precision": 0.97488016538313,
    "recall": 0.9740079365079365,
    "f1-score": 0.9739959958938061,
    "support": 10080.0
  },
  "weighted avg": {
    "precision": 0.9748801653831299,
    "recall": 0.9740079365079365,
    "f1-score": 0.9739959958938063,
    "support": 10080.0
  }
}