{
  "0": {
    "precision": 0.7706043956043956,
    "recall": 0.8512898330804249,
    "f1-score": 0.8089401586157173,
    "support": 659.0
  },
  "1": {
    "precision": 0.8201834862385321,
    "recall": 0.7280130293159609,
    "f1-score": 0.7713546160483176,
    "support": 614.0
  },
  "accuracy": 0.7918303220738413,
  "macro avg": {
    "precision": 0.7953939409214639,
    "recall": 0.7896514311981929,
    "f1-score": 0.7901473873320175,
    "support": 1273.0
  },
  "weighted avg": {
    "precision": 0.7945176412048354,
    "recall": 0.7918303220738413,
    "f1-score": 0.7908117036774742,
    "support": 1273.0
  }
}