{
  "0": {
    "precision": 0.8047091412742382,
    "recall": 0.8959136468774094,
    "f1-score": 0.8478657424297702,
    "support": 1297.0
  },
  "1": {
    "precision": 0.7103004291845494,
    "recall": 0.5399673735725938,
    "f1-score": 0.6135310472659871,
    "support": 613.0
  },
  "accuracy": 0.7816753926701571,
  "macro avg": {
    "precision": 0.7575047852293938,
    "recall": 0.7179405102250016,
    "f1-score": 0.7306983948478787,
    "support": 1910.0
  },
  "weighted avg": {
    "precision": 0.7744093818444061,
    "recall": 0.7816753926701571,
    "f1-score": 0.7726578009976242,
    "support": 1910.0
  }
}