{
  "0": {
    "precision": 0.9498770569320976,
    "recall": 0.9964285714285714,
    "f1-score": 0.9725961072915658,
    "support": 5040.0
  },
  "1": {
    "precision": 0.996244523263092,
    "recall": 0.9474206349206349,
    "f1-score": 0.9712193633682498,
    "support": 5040.0
  },
  "accuracy": 0.9719246031746032,
  "macro avg": {
    "precision": 0.9730607900975947,
    "recall": 0.9719246031746032,
    "f1-score": 0.9719077353299077,
    "support": 10080.0
  },
  "weighted avg": {
    "precision": 0.9730607900975948,
    "recall": 0.9719246031746032,
    "f1-score": 0.9719077353299077,
    "support": 10080.0
  }
}