{
  "0": {
    "precision": 0.7572944297082228,
    "recall": 0.866464339908953,
    "f1-score": 0.808209483368719,
    "support": 659.0
  },
  "1": {
    "precision": 0.8304431599229287,
    "recall": 0.7019543973941368,
    "f1-score": 0.7608120035304501,
    "support": 614.0
  },
  "accuracy": 0.7871170463472114,
  "macro avg": {
    "precision": 0.7938687948155758,
    "recall": 0.7842093686515449,
    "f1-score": 0.7845107434495846,
    "support": 1273.0
  },
  "weighted avg": {
    "precision": 0.7925759068109953,
    "recall": 0.7871170463472114,
    "f1-score": 0.7853484836666789,
    "support": 1273.0
  }
}