{
  "0": {
    "precision": 0.8021828103683493,
    "recall": 0.9067077872012336,
    "f1-score": 0.8512486427795874,
    "support": 1297.0
  },
  "1": {
    "precision": 0.7274774774774775,
    "recall": 0.5269168026101142,
    "f1-score": 0.6111636707663197,
    "support": 613.0
  },
  "accuracy": 0.7848167539267016,
  "macro avg": {
    "precision": 0.7648301439229134,
    "recall": 0.7168122949056739,
    "f1-score": 0.7312061567729535,
    "support": 1910.0
  },
  "weighted avg": {
    "precision": 0.77820670091175,
    "recall": 0.7848167539267016,
    "f1-score": 0.7741951936465334,
    "support": 1910.0
  }
}