{
  "0": {
    "precision": 0.7522123893805309,
    "recall": 0.644916540212443,
    "f1-score": 0.6944444444444444,
    "support": 659.0
  },
  "1": {
    "precision": 0.6694915254237288,
    "recall": 0.7719869706840391,
    "f1-score": 0.7170953101361573,
    "support": 614.0
  },
  "accuracy": 0.7062058130400628,
  "macro avg": {
    "precision": 0.7108519574021299,
    "recall": 0.708451755448241,
    "f1-score": 0.7057698772903009,
    "support": 1273.0
  },
  "weighted avg": {
    "precision": 0.7123140308027803,
    "recall": 0.7062058130400628,
    "f1-score": 0.7053695281323562,
    "support": 1273.0
  }
}