{
  "0": {
    "precision": 0.6450991719622569,
    "recall": 0.6646825396825397,
    "f1-score": 0.6547444542167498,
    "support": 5040.0
  },
  "1": {
    "precision": 0.6541845713116431,
    "recall": 0.6343253968253968,
    "f1-score": 0.644101944192606,
    "support": 5040.0
  },
  "accuracy": 0.6495039682539683,
  "macro avg": {
    "precision": 0.64964187163695,
    "recall": 0.6495039682539683,
    "f1-score": 0.649423199204678,
    "support": 10080.0
  },
  "weighted avg": {
    "precision": 0.64964187163695,
    "recall": 0.6495039682539683,
    "f1-score": 0.649423199204678,
    "support": 10080.0
  }
}