{
  "0": {
    "precision": 0.8067456700091158,
    "recall": 0.6823438704703161,
    "f1-score": 0.7393483709273183,
    "support": 1297.0
  },
  "1": {
    "precision": 0.4932349323493235,
    "recall": 0.6541598694942904,
    "f1-score": 0.5624123422159888,
    "support": 613.0
  },
  "accuracy": 0.6732984293193718,
  "macro avg": {
    "precision": 0.6499903011792196,
    "recall": 0.6682518699823032,
    "f1-score": 0.6508803565716536,
    "support": 1910.0
  },
  "weighted avg": {
    "precision": 0.7061267788125437,
    "recall": 0.6732984293193718,
    "f1-score": 0.6825620957440487,
    "support": 1910.0
  }
}