{
  "0": {
    "precision": 0.8049678012879485,
    "recall": 0.674633770239013,
    "f1-score": 0.7340604026845637,
    "support": 1297.0
  },
  "1": {
    "precision": 0.48724179829890646,
    "recall": 0.6541598694942904,
    "f1-score": 0.5584958217270195,
    "support": 613.0
  },
  "accuracy": 0.6680628272251309,
  "macro avg": {
    "precision": 0.6461047997934275,
    "recall": 0.6643968198666517,
    "f1-score": 0.6462781122057917,
    "support": 1910.0
  },
  "weighted avg": {
    "precision": 0.7029960526846591,
    "recall": 0.6680628272251309,
    "f1-score": 0.6777142832463571,
    "support": 1910.0
  }
}