{
  "0": {
    "precision": 0.6456662848415425,
    "recall": 0.671031746031746,
    "f1-score": 0.6581046896283324,
    "support": 5040.0
  },
  "1": {
    "precision": 0.6575795125981,
    "recall": 0.6317460317460317,
    "f1-score": 0.6444039668083384,
    "support": 5040.0
  },
  "accuracy": 0.6513888888888889,
  "macro avg": {
    "precision": 0.6516228987198213,
    "recall": 0.6513888888888888,
    "f1-score": 0.6512543282183354,
    "support": 10080.0
  },
  "weighted avg": {
    "precision": 0.6516228987198213,
    "recall": 0.6513888888888889,
    "f1-score": 0.6512543282183354,
    "support": 10080.0
  }
}