{
  "0": {
    "precision": 0.7504244482173175,
    "recall": 0.6707132018209409,
    "f1-score": 0.7083333333333334,
    "support": 659.0
  },
  "1": {
    "precision": 0.6827485380116959,
    "recall": 0.760586319218241,
    "f1-score": 0.7195685670261941,
    "support": 614.0
  },
  "accuracy": 0.7140612725844462,
  "macro avg": {
    "precision": 0.7165864931145067,
    "recall": 0.715649760519591,
    "f1-score": 0.7139509501797637,
    "support": 1273.0
  },
  "weighted avg": {
    "precision": 0.7177826502076933,
    "recall": 0.7140612725844462,
    "f1-score": 0.7137523698513353,
    "support": 1273.0
  }
}