{
  "0": {
    "precision": 0.7883211678832117,
    "recall": 0.9159599074787972,
    "f1-score": 0.8473609129814551,
    "support": 1297.0
  },
  "1": {
    "precision": 0.7295285359801489,
    "recall": 0.4796084828711256,
    "f1-score": 0.5787401574803149,
    "support": 613.0
  },
  "accuracy": 0.7759162303664922,
  "macro avg": {
    "precision": 0.7589248519316802,
    "recall": 0.6977841951749614,
    "f1-score": 0.713050535230885,
    "support": 1910.0
  },
  "weighted avg": {
    "precision": 0.7694521190054224,
    "recall": 0.7759162303664922,
    "f1-score": 0.7611491207708797,
    "support": 1910.0
  }
}