{
  "0": {
    "precision": 0.7509627727856226,
    "recall": 0.8877086494688923,
    "f1-score": 0.8136300417246175,
    "support": 659.0
  },
  "1": {
    "precision": 0.8502024291497976,
    "recall": 0.6840390879478827,
    "f1-score": 0.7581227436823105,
    "support": 614.0
  },
  "accuracy": 0.7894736842105263,
  "macro avg": {
    "precision": 0.8005826009677102,
    "recall": 0.7858738687083875,
    "f1-score": 0.785876392703464,
    "support": 1273.0
  },
  "weighted avg": {
    "precision": 0.7988285614797337,
    "recall": 0.7894736842105263,
    "f1-score": 0.78685747220539,
    "support": 1273.0
  }
}