{
  "0": {
    "precision": 0.8207024029574861,
    "recall": 0.6737481031866465,
    "f1-score": 0.74,
    "support": 659.0
  },
  "1": {
    "precision": 0.7062841530054644,
    "recall": 0.8420195439739414,
    "f1-score": 0.7682020802377415,
    "support": 614.0
  },
  "accuracy": 0.7549096622152396,
  "macro avg": {
    "precision": 0.7634932779814753,
    "recall": 0.7578838235802939,
    "f1-score": 0.7541010401188708,
    "support": 1273.0
  },
  "weighted avg": {
    "precision": 0.765515595832159,
    "recall": 0.7549096622152396,
    "f1-score": 0.7536025744430269,
    "support": 1273.0
  }
}