{
  "0": {
    "precision": 0.9539945584961662,
    "recall": 0.7652777777777777,
    "f1-score": 0.8492788726191787,
    "support": 5040.0
  },
  "1": {
    "precision": 0.8040417425873778,
    "recall": 0.9630952380952381,
    "f1-score": 0.87641058048208,
    "support": 5040.0
  },
  "accuracy": 0.864186507936508,
  "macro avg": {
    "precision": 0.879018150541772,
    "recall": 0.8641865079365079,
    "f1-score": 0.8628447265506294,
    "support": 10080.0
  },
  "weighted avg": {
    "precision": 0.879018150541772,
    "recall": 0.864186507936508,
    "f1-score": 0.8628447265506295,
    "support": 10080.0
  }
}