{
  "0": {
    "precision": 0.8228310502283105,
    "recall": 0.694680030840401,
    "f1-score": 0.7533444816053512,
    "support": 1297.0
  },
  "1": {
    "precision": 0.5141104294478528,
    "recall": 0.6835236541598695,
    "f1-score": 0.5868347338935574,
    "support": 613.0
  },
  "accuracy": 0.6910994764397905,
  "macro avg": {
    "precision": 0.6684707398380816,
    "recall": 0.6891018425001352,
    "f1-score": 0.6700896077494543,
    "support": 1910.0
  },
  "weighted avg": {
    "precision": 0.7237495106793992,
    "recall": 0.6910994764397905,
    "f1-score": 0.6999044421564875,
    "support": 1910.0
  }
}