{
  "0": {
    "precision": 0.753004005340454,
    "recall": 0.8558421851289834,
    "f1-score": 0.8011363636363636,
    "support": 659.0
  },
  "1": {
    "precision": 0.8187022900763359,
    "recall": 0.6986970684039088,
    "f1-score": 0.7539543057996485,
    "support": 614.0
  },
  "accuracy": 0.7800471327572663,
  "macro avg": {
    "precision": 0.785853147708395,
    "recall": 0.7772696267664461,
    "f1-score": 0.7775453347180061,
    "support": 1273.0
  },
  "weighted avg": {
    "precision": 0.7846919447181693,
    "recall": 0.7800471327572663,
    "f1-score": 0.7783792673977595,
    "support": 1273.0
  }
}