{
  "0": {
    "precision": 0.7983482450103234,
    "recall": 0.8943716268311488,
    "f1-score": 0.8436363636363636,
    "support": 1297.0
  },
  "1": {
    "precision": 0.700218818380744,
    "recall": 0.5220228384991843,
    "f1-score": 0.5981308411214953,
    "support": 613.0
  },
  "accuracy": 0.774869109947644,
  "macro avg": {
    "precision": 0.7492835316955337,
    "recall": 0.7081972326651665,
    "f1-score": 0.7208836023789295,
    "support": 1910.0
  },
  "weighted avg": {
    "precision": 0.7668543504951757,
    "recall": 0.774869109947644,
    "f1-score": 0.764843229970597,
    "support": 1910.0
  }
}