{
  "0": {
    "precision": 0.9148467608735548,
    "recall": 0.9890873015873016,
    "f1-score": 0.950519591953475,
    "support": 5040.0
  },
  "1": {
    "precision": 0.9881235154394299,
    "recall": 0.9079365079365079,
    "f1-score": 0.9463344018198738,
    "support": 5040.0
  },
  "accuracy": 0.9485119047619047,
  "macro avg": {
    "precision": 0.9514851381564924,
    "recall": 0.9485119047619048,
    "f1-score": 0.9484269968866744,
    "support": 10080.0
  },
  "weighted avg": {
    "precision": 0.9514851381564923,
    "recall": 0.9485119047619047,
    "f1-score": 0.9484269968866744,
    "support": 10080.0
  }
}