{
  "0": {
    "precision": 0.6434513445540724,
    "recall": 0.6599206349206349,
    "f1-score": 0.651581937506122,
    "support": 5040.0
  },
  "1": {
    "precision": 0.6509875789045001,
    "recall": 0.6343253968253968,
    "f1-score": 0.642548487589187,
    "support": 5040.0
  },
  "accuracy": 0.6471230158730159,
  "macro avg": {
    "precision": 0.6472194617292862,
    "recall": 0.6471230158730159,
    "f1-score": 0.6470652125476546,
    "support": 10080.0
  },
  "weighted avg": {
    "precision": 0.6472194617292862,
    "recall": 0.6471230158730159,
    "f1-score": 0.6470652125476545,
    "support": 10080.0
  }
}