{
  "0": {
    "precision": 0.7373913043478261,
    "recall": 0.6433990895295902,
    "f1-score": 0.6871961102106969,
    "support": 659.0
  },
  "1": {
    "precision": 0.663323782234957,
    "recall": 0.754071661237785,
    "f1-score": 0.7057926829268293,
    "support": 614.0
  },
  "accuracy": 0.6967792615868028,
  "macro avg": {
    "precision": 0.7003575432913915,
    "recall": 0.6987353753836876,
    "f1-score": 0.6964943965687631,
    "support": 1273.0
  },
  "weighted avg": {
    "precision": 0.7016666707442898,
    "recall": 0.6967792615868028,
    "f1-score": 0.6961657061633327,
    "support": 1273.0
  }
}