{
  "0": {
    "precision": 0.7413793103448276,
    "recall": 0.6525037936267072,
    "f1-score": 0.6941081517352704,
    "support": 659.0
  },
  "1": {
    "precision": 0.6695526695526696,
    "recall": 0.755700325732899,
    "f1-score": 0.7100229533282326,
    "support": 614.0
  },
  "accuracy": 0.7022780832678712,
  "macro avg": {
    "precision": 0.7054659899487485,
    "recall": 0.7041020596798031,
    "f1-score": 0.7020655525317515,
    "support": 1273.0
  },
  "weighted avg": {
    "precision": 0.70673551030839,
    "recall": 0.7022780832678712,
    "f1-score": 0.7017842618515931,
    "support": 1273.0
  }
}