{
  "0": {
    "precision": 0.649031007751938,
    "recall": 0.664484126984127,
    "f1-score": 0.6566666666666666,
    "support": 5040.0
  },
  "1": {
    "precision": 0.65630081300813,
    "recall": 0.6406746031746032,
    "f1-score": 0.6483935742971888,
    "support": 5040.0
  },
  "accuracy": 0.6525793650793651,
  "macro avg": {
    "precision": 0.6526659103800341,
    "recall": 0.6525793650793651,
    "f1-score": 0.6525301204819277,
    "support": 10080.0
  },
  "weighted avg": {
    "precision": 0.6526659103800341,
    "recall": 0.6525793650793651,
    "f1-score": 0.6525301204819277,
    "support": 10080.0
  }
}