{
  "0": {
    "precision": 0.8035055350553506,
    "recall": 0.6715497301464919,
    "f1-score": 0.7316253674926502,
    "support": 1297.0
  },
  "1": {
    "precision": 0.48426150121065376,
    "recall": 0.6525285481239804,
    "f1-score": 0.5559416261292565,
    "support": 613.0
  },
  "accuracy": 0.6654450261780105,
  "macro avg": {
    "precision": 0.6438835181330022,
    "recall": 0.6620391391352362,
    "f1-score": 0.6437834968109533,
    "support": 1910.0
  },
  "weighted avg": {
    "precision": 0.7010465859732568,
    "recall": 0.6654450261780105,
    "f1-score": 0.6752410044268071,
    "support": 1910.0
  }
}