{
  "0": {
    "precision": 0.7972881355932203,
    "recall": 0.9067077872012336,
    "f1-score": 0.8484848484848485,
    "support": 1297.0
  },
  "1": {
    "precision": 0.7218390804597701,
    "recall": 0.5122349102773246,
    "f1-score": 0.5992366412213741,
    "support": 613.0
  },
  "accuracy": 0.7801047120418848,
  "macro avg": {
    "precision": 0.7595636080264951,
    "recall": 0.7094713487392791,
    "f1-score": 0.7238607448531114,
    "support": 1910.0
  },
  "weighted avg": {
    "precision": 0.7730733341289245,
    "recall": 0.7801047120418848,
    "f1-score": 0.7684905285620686,
    "support": 1910.0
  }
}