{
  "0": {
    "precision": 0.9541563629446452,
    "recall": 0.9952380952380953,
    "f1-score": 0.9742643488394678,
    "support": 5040.0
  },
  "1": {
    "precision": 0.9950238440804479,
    "recall": 0.9521825396825396,
    "f1-score": 0.9731319071276487,
    "support": 5040.0
  },
  "accuracy": 0.9737103174603174,
  "macro avg": {
    "precision": 0.9745901035125466,
    "recall": 0.9737103174603174,
    "f1-score": 0.9736981279835583,
    "support": 10080.0
  },
  "weighted avg": {
    "precision": 0.9745901035125465,
    "recall": 0.9737103174603174,
    "f1-score": 0.9736981279835581,
    "support": 10080.0
  }
}