{
  "0": {
    "precision": 0.7562254259501966,
    "recall": 0.8755690440060698,
    "f1-score": 0.8115330520393812,
    "support": 659.0
  },
  "1": {
    "precision": 0.8392156862745098,
    "recall": 0.6970684039087948,
    "f1-score": 0.7615658362989324,
    "support": 614.0
  },
  "accuracy": 0.7894736842105263,
  "macro avg": {
    "precision": 0.7977205561123533,
    "recall": 0.7863187239574323,
    "f1-score": 0.7865494441691567,
    "support": 1273.0
  },
  "weighted avg": {
    "precision": 0.7962537211891033,
    "recall": 0.7894736842105263,
    "f1-score": 0.7874326039131946,
    "support": 1273.0
  }
}