{
  "0": {
    "precision": 0.7522349936143039,
    "recall": 0.8937784522003035,
    "f1-score": 0.8169209431345353,
    "support": 659.0
  },
  "1": {
    "precision": 0.8571428571428571,
    "recall": 0.6840390879478827,
    "f1-score": 0.7608695652173914,
    "support": 614.0
  },
  "accuracy": 0.7926158680282797,
  "macro avg": {
    "precision": 0.8046889253785805,
    "recall": 0.7889087700740931,
    "f1-score": 0.7888952541759633,
    "support": 1273.0
  },
  "weighted avg": {
    "precision": 0.8028347015534489,
    "recall": 0.7926158680282797,
    "f1-score": 0.7898859501721422,
    "support": 1273.0
  }
}