{
  "0": {
    "precision": 0.7903757415952538,
    "recall": 0.9244410177332305,
    "f1-score": 0.8521677327647477,
    "support": 1297.0
  },
  "1": {
    "precision": 0.7506361323155216,
    "recall": 0.4812398042414356,
    "f1-score": 0.5864811133200796,
    "support": 613.0
  },
  "accuracy": 0.7821989528795812,
  "macro avg": {
    "precision": 0.7705059369553877,
    "recall": 0.7028404109873331,
    "f1-score": 0.7193244230424136,
    "support": 1910.0
  },
  "weighted avg": {
    "precision": 0.777621615685057,
    "recall": 0.7821989528795812,
    "f1-score": 0.7668976292466421,
    "support": 1910.0
  }
}