{
  "0": {
    "precision": 0.7446043165467626,
    "recall": 0.6282245827010622,
    "f1-score": 0.6814814814814815,
    "support": 659.0
  },
  "1": {
    "precision": 0.6582984658298466,
    "recall": 0.7687296416938111,
    "f1-score": 0.7092411720510894,
    "support": 614.0
  },
  "accuracy": 0.6959937156323645,
  "macro avg": {
    "precision": 0.7014513911883047,
    "recall": 0.6984771121974367,
    "f1-score": 0.6953613267662855,
    "support": 1273.0
  },
  "weighted avg": {
    "precision": 0.7029768284554929,
    "recall": 0.6959937156323645,
    "f1-score": 0.6948706802322586,
    "support": 1273.0
  }
}