{
  "0": {
    "precision": 0.6537109375,
    "recall": 0.6640873015873016,
    "f1-score": 0.6588582677165354,
    "support": 5040.0
  },
  "1": {
    "precision": 0.6586693548387097,
    "recall": 0.6482142857142857,
    "f1-score": 0.6534,
    "support": 5040.0
  },
  "accuracy": 0.6561507936507937,
  "macro avg": {
    "precision": 0.6561901461693549,
    "recall": 0.6561507936507937,
    "f1-score": 0.6561291338582678,
    "support": 10080.0
  },
  "weighted avg": {
    "precision": 0.6561901461693548,
    "recall": 0.6561507936507937,
    "f1-score": 0.6561291338582677,
    "support": 10080.0
  }
}