{
  "0": {
    "precision": 0.8053016453382084,
    "recall": 0.6792598303777949,
    "f1-score": 0.7369301547469678,
    "support": 1297.0
  },
  "1": {
    "precision": 0.49019607843137253,
    "recall": 0.6525285481239804,
    "f1-score": 0.5598320503848845,
    "support": 613.0
  },
  "accuracy": 0.6706806282722513,
  "macro avg": {
    "precision": 0.6477488618847904,
    "recall": 0.6658941892508876,
    "f1-score": 0.6483811025659261,
    "support": 1910.0
  },
  "weighted avg": {
    "precision": 0.70417090580214,
    "recall": 0.6706806282722513,
    "f1-score": 0.6800918626140059,
    "support": 1910.0
  }
}