{
  "0": {
    "precision": 0.7383647798742138,
    "recall": 0.8907435508345979,
    "f1-score": 0.8074277854195323,
    "support": 659.0
  },
  "1": {
    "precision": 0.8493723849372385,
    "recall": 0.6612377850162866,
    "f1-score": 0.7435897435897436,
    "support": 614.0
  },
  "accuracy": 0.7800471327572663,
  "macro avg": {
    "precision": 0.7938685824057261,
    "recall": 0.7759906679254422,
    "f1-score": 0.7755087645046379,
    "support": 1273.0
  },
  "weighted avg": {
    "precision": 0.7919065469666703,
    "recall": 0.7800471327572663,
    "f1-score": 0.7766370881033579,
    "support": 1273.0
  }
}