{
  "0": {
    "precision": 0.7920529801324503,
    "recall": 0.9221279876638396,
    "f1-score": 0.8521553259707874,
    "support": 1297.0
  },
  "1": {
    "precision": 0.7475,
    "recall": 0.48776508972267535,
    "f1-score": 0.5903257650542941,
    "support": 613.0
  },
  "accuracy": 0.7827225130890052,
  "macro avg": {
    "precision": 0.7697764900662252,
    "recall": 0.7049465386932575,
    "f1-score": 0.7212405455125408,
    "support": 1910.0
  },
  "weighted avg": {
    "precision": 0.7777540393883706,
    "recall": 0.7827225130890052,
    "f1-score": 0.7681231161059653,
    "support": 1910.0
  }
}