{
  "0": {
    "precision": 0.7436868686868687,
    "recall": 0.8937784522003035,
    "f1-score": 0.8118538938662991,
    "support": 659.0
  },
  "1": {
    "precision": 0.8544698544698545,
    "recall": 0.6693811074918566,
    "f1-score": 0.7506849315068493,
    "support": 614.0
  },
  "accuracy": 0.7855459544383346,
  "macro avg": {
    "precision": 0.7990783615783617,
    "recall": 0.7815797798460801,
    "f1-score": 0.7812694126865742,
    "support": 1273.0
  },
  "weighted avg": {
    "precision": 0.797120296236557,
    "recall": 0.7855459544383346,
    "f1-score": 0.782350560882244,
    "support": 1273.0
  }
}