{
  "0": {
    "precision": 0.765814266487214,
    "recall": 0.8634294385432474,
    "f1-score": 0.81169757489301,
    "support": 659.0
  },
  "1": {
    "precision": 0.8301886792452831,
    "recall": 0.7166123778501629,
    "f1-score": 0.7692307692307693,
    "support": 614.0
  },
  "accuracy": 0.7926158680282797,
  "macro avg": {
    "precision": 0.7980014728662486,
    "recall": 0.7900209081967051,
    "f1-score": 0.7904641720618897,
    "support": 1273.0
  },
  "weighted avg": {
    "precision": 0.796863669027241,
    "recall": 0.7926158680282797,
    "f1-score": 0.7912147636780722,
    "support": 1273.0
  }
}