{
  "0": {
    "precision": 0.9503787878787879,
    "recall": 0.9956349206349207,
    "f1-score": 0.9724806201550388,
    "support": 5040.0
  },
  "1": {
    "precision": 0.9954166666666666,
    "recall": 0.948015873015873,
    "f1-score": 0.9711382113821139,
    "support": 5040.0
  },
  "accuracy": 0.9718253968253968,
  "macro avg": {
    "precision": 0.9728977272727273,
    "recall": 0.9718253968253968,
    "f1-score": 0.9718094157685764,
    "support": 10080.0
  },
  "weighted avg": {
    "precision": 0.9728977272727272,
    "recall": 0.9718253968253968,
    "f1-score": 0.9718094157685763,
    "support": 10080.0
  }
}