{
  "0": {
    "precision": 0.7967589466576638,
    "recall": 0.9097918272937549,
    "f1-score": 0.849532037437005,
    "support": 1297.0
  },
  "1": {
    "precision": 0.7272727272727273,
    "recall": 0.5089722675367048,
    "f1-score": 0.5988483685220729,
    "support": 613.0
  },
  "accuracy": 0.7811518324607329,
  "macro avg": {
    "precision": 0.7620158369651955,
    "recall": 0.7093820474152298,
    "f1-score": 0.724190202979539,
    "support": 1910.0
  },
  "weighted avg": {
    "precision": 0.7744578720592522,
    "recall": 0.7811518324607329,
    "f1-score": 0.7690770169946735,
    "support": 1910.0
  }
}