{
  "0": {
    "precision": 0.7967145790554415,
    "recall": 0.89745566692367,
    "f1-score": 0.8440899202320522,
    "support": 1297.0
  },
  "1": {
    "precision": 0.7037861915367484,
    "recall": 0.5154975530179445,
    "f1-score": 0.5951035781544256,
    "support": 613.0
  },
  "accuracy": 0.774869109947644,
  "macro avg": {
    "precision": 0.7502503852960949,
    "recall": 0.7064766099708073,
    "f1-score": 0.7195967491932389,
    "support": 1910.0
  },
  "weighted avg": {
    "precision": 0.7668899185586043,
    "recall": 0.774869109947644,
    "f1-score": 0.7641796439526883,
    "support": 1910.0
  }
}