{
  "0": {
    "precision": 0.7710027100271003,
    "recall": 0.8634294385432474,
    "f1-score": 0.8146027201145312,
    "support": 659.0
  },
  "1": {
    "precision": 0.8317757009345794,
    "recall": 0.7247557003257329,
    "f1-score": 0.7745865970409052,
    "support": 614.0
  },
  "accuracy": 0.7965435978004713,
  "macro avg": {
    "precision": 0.8013892054808398,
    "recall": 0.7940925694344901,
    "f1-score": 0.7945946585777182,
    "support": 1273.0
  },
  "weighted avg": {
    "precision": 0.8003150559950438,
    "recall": 0.7965435978004713,
    "f1-score": 0.7953019349085559,
    "support": 1273.0
  }
}