{
  "0": {
    "precision": 0.9483931947069943,
    "recall": 0.995436507936508,
    "f1-score": 0.9713455953533398,
    "support": 5040.0
  },
  "1": {
    "precision": 0.9951983298538623,
    "recall": 0.9458333333333333,
    "f1-score": 0.9698880976602238,
    "support": 5040.0
  },
  "accuracy": 0.9706349206349206,
  "macro avg": {
    "precision": 0.9717957622804283,
    "recall": 0.9706349206349206,
    "f1-score": 0.9706168465067817,
    "support": 10080.0
  },
  "weighted avg": {
    "precision": 0.9717957622804283,
    "recall": 0.9706349206349206,
    "f1-score": 0.9706168465067818,
    "support": 10080.0
  }
}