{
  "0": {
    "precision": 0.8093492208982584,
    "recall": 0.6808018504240555,
    "f1-score": 0.7395309882747069,
    "support": 1297.0
  },
  "1": {
    "precision": 0.4945054945054945,
    "recall": 0.6606851549755302,
    "f1-score": 0.5656424581005587,
    "support": 613.0
  },
  "accuracy": 0.6743455497382199,
  "macro avg": {
    "precision": 0.6519273577018765,
    "recall": 0.6707435026997928,
    "f1-score": 0.6525867231876328,
    "support": 1910.0
  },
  "weighted avg": {
    "precision": 0.7083025170873871,
    "recall": 0.6743455497382199,
    "f1-score": 0.6837227846114855,
    "support": 1910.0
  }
}