{
  "0": {
    "precision": 0.7461406518010292,
    "recall": 0.6600910470409712,
    "f1-score": 0.7004830917874396,
    "support": 659.0
  },
  "1": {
    "precision": 0.6753623188405797,
    "recall": 0.758957654723127,
    "f1-score": 0.7147239263803681,
    "support": 614.0
  },
  "accuracy": 0.7077769049489395,
  "macro avg": {
    "precision": 0.7107514853208045,
    "recall": 0.7095243508820491,
    "f1-score": 0.7076035090839039,
    "support": 1273.0
  },
  "weighted avg": {
    "precision": 0.7120024770659813,
    "recall": 0.7077769049489395,
    "f1-score": 0.7073518054088521,
    "support": 1273.0
  }
}