{
  "0": {
    "precision": 0.6496815286624203,
    "recall": 0.6678571428571428,
    "f1-score": 0.6586439683005577,
    "support": 5040.0
  },
  "1": {
    "precision": 0.6582976117575016,
    "recall": 0.6398809523809523,
    "f1-score": 0.6489586477512829,
    "support": 5040.0
  },
  "accuracy": 0.6538690476190476,
  "macro avg": {
    "precision": 0.653989570209961,
    "recall": 0.6538690476190476,
    "f1-score": 0.6538013080259203,
    "support": 10080.0
  },
  "weighted avg": {
    "precision": 0.653989570209961,
    "recall": 0.6538690476190476,
    "f1-score": 0.6538013080259203,
    "support": 10080.0
  }
}