{
  "0": {
    "precision": 0.7965870307167235,
    "recall": 0.899768696993061,
    "f1-score": 0.8450398262128892,
    "support": 1297.0
  },
  "1": {
    "precision": 0.7078651685393258,
    "recall": 0.5138662316476346,
    "f1-score": 0.5954631379962193,
    "support": 613.0
  },
  "accuracy": 0.7759162303664922,
  "macro avg": {
    "precision": 0.7522260996280247,
    "recall": 0.7068174643203478,
    "f1-score": 0.7202514821045543,
    "support": 1910.0
  },
  "weighted avg": {
    "precision": 0.7681124225938205,
    "recall": 0.7759162303664922,
    "f1-score": 0.7649400828218846,
    "support": 1910.0
  }
}