{
  "0": {
    "precision": 0.9503599848427434,
    "recall": 0.9952380952380953,
    "f1-score": 0.9722814498933902,
    "support": 5040.0
  },
  "1": {
    "precision": 0.9950020824656394,
    "recall": 0.948015873015873,
    "f1-score": 0.9709408656777078,
    "support": 5040.0
  },
  "accuracy": 0.9716269841269841,
  "macro avg": {
    "precision": 0.9726810336541913,
    "recall": 0.9716269841269841,
    "f1-score": 0.971611157785549,
    "support": 10080.0
  },
  "weighted avg": {
    "precision": 0.9726810336541915,
    "recall": 0.9716269841269841,
    "f1-score": 0.9716111577855491,
    "support": 10080.0
  }
}