{
  "0": {
    "precision": 0.941297824456114,
    "recall": 0.9958333333333333,
    "f1-score": 0.9677979174701118,
    "support": 5040.0
  },
  "1": {
    "precision": 0.9955770850884583,
    "recall": 0.9378968253968254,
    "f1-score": 0.9658765835717205,
    "support": 5040.0
  },
  "accuracy": 0.9668650793650794,
  "macro avg": {
    "precision": 0.9684374547722862,
    "recall": 0.9668650793650794,
    "f1-score": 0.9668372505209162,
    "support": 10080.0
  },
  "weighted avg": {
    "precision": 0.968437454772286,
    "recall": 0.9668650793650794,
    "f1-score": 0.9668372505209162,
    "support": 10080.0
  }
}