{
  "0": {
    "precision": 0.7936614969656103,
    "recall": 0.9074787972243639,
    "f1-score": 0.8467625899280575,
    "support": 1297.0
  },
  "1": {
    "precision": 0.7189695550351288,
    "recall": 0.5008156606851549,
    "f1-score": 0.5903846153846154,
    "support": 613.0
  },
  "accuracy": 0.7769633507853403,
  "macro avg": {
    "precision": 0.7563155260003696,
    "recall": 0.7041472289547595,
    "f1-score": 0.7185736026563365,
    "support": 1910.0
  },
  "weighted avg": {
    "precision": 0.7696896852360893,
    "recall": 0.7769633507853403,
    "f1-score": 0.7644800253232774,
    "support": 1910.0
  }
}