{
  "0": {
    "precision": 0.7674731182795699,
    "recall": 0.866464339908953,
    "f1-score": 0.8139700641482538,
    "support": 659.0
  },
  "1": {
    "precision": 0.833648393194707,
    "recall": 0.7182410423452769,
    "f1-score": 0.7716535433070866,
    "support": 614.0
  },
  "accuracy": 0.7949725058915946,
  "macro avg": {
    "precision": 0.8005607557371384,
    "recall": 0.7923526911271149,
    "f1-score": 0.7928118037276701,
    "support": 1273.0
  },
  "weighted avg": {
    "precision": 0.7993911220485362,
    "recall": 0.7949725058915946,
    "f1-score": 0.7935597390921056,
    "support": 1273.0
  }
}