{
  "0": {
    "precision": 0.7594278283485045,
    "recall": 0.8861911987860395,
    "f1-score": 0.8179271708683473,
    "support": 659.0
  },
  "1": {
    "precision": 0.8511904761904762,
    "recall": 0.6986970684039088,
    "f1-score": 0.7674418604651163,
    "support": 614.0
  },
  "accuracy": 0.795758051846033,
  "macro avg": {
    "precision": 0.8053091522694904,
    "recall": 0.7924441335949741,
    "f1-score": 0.7926845156667318,
    "support": 1273.0
  },
  "weighted avg": {
    "precision": 0.8036872672919222,
    "recall": 0.795758051846033,
    "f1-score": 0.7935768326220128,
    "support": 1273.0
  }
}