{
  "0": {
    "precision": 0.7945478723404256,
    "recall": 0.9213569776407093,
    "f1-score": 0.8532666904676901,
    "support": 1297.0
  },
  "1": {
    "precision": 0.7487684729064039,
    "recall": 0.49592169657422513,
    "f1-score": 0.5966633954857704,
    "support": 613.0
  },
  "accuracy": 0.7848167539267016,
  "macro avg": {
    "precision": 0.7716581726234147,
    "recall": 0.7086393371074673,
    "f1-score": 0.7249650429767303,
    "support": 1910.0
  },
  "weighted avg": {
    "precision": 0.7798553216320198,
    "recall": 0.7848167539267016,
    "f1-score": 0.7709118109787284,
    "support": 1910.0
  }
}