{
  "0": {
    "precision": 0.7356902356902357,
    "recall": 0.6631259484066768,
    "f1-score": 0.6975259377494014,
    "support": 659.0
  },
  "1": {
    "precision": 0.6730486008836525,
    "recall": 0.744299674267101,
    "f1-score": 0.7068832173240526,
    "support": 614.0
  },
  "accuracy": 0.7022780832678712,
  "macro avg": {
    "precision": 0.7043694182869441,
    "recall": 0.7037128113368889,
    "f1-score": 0.7022045775367269,
    "support": 1273.0
  },
  "weighted avg": {
    "precision": 0.7054765956499828,
    "recall": 0.7022780832678712,
    "f1-score": 0.7020391896416527,
    "support": 1273.0
  }
}