{
  "0": {
    "precision": 0.6432815794517922,
    "recall": 0.6658730158730158,
    "f1-score": 0.6543823730135517,
    "support": 5040.0
  },
  "1": {
    "precision": 0.6537117005963398,
    "recall": 0.6307539682539682,
    "f1-score": 0.6420276683833182,
    "support": 5040.0
  },
  "accuracy": 0.6483134920634921,
  "macro avg": {
    "precision": 0.6484966400240659,
    "recall": 0.6483134920634921,
    "f1-score": 0.6482050206984349,
    "support": 10080.0
  },
  "weighted avg": {
    "precision": 0.648496640024066,
    "recall": 0.6483134920634921,
    "f1-score": 0.6482050206984349,
    "support": 10080.0
  }
}