{
  "0": {
    "precision": 0.8060109289617486,
    "recall": 0.6823438704703161,
    "f1-score": 0.7390396659707724,
    "support": 1297.0
  },
  "1": {
    "precision": 0.49261083743842365,
    "recall": 0.6525285481239804,
    "f1-score": 0.5614035087719298,
    "support": 613.0
  },
  "accuracy": 0.6727748691099477,
  "macro avg": {
    "precision": 0.6493108832000861,
    "recall": 0.6674362092971482,
    "f1-score": 0.650221587371351,
    "support": 1910.0
  },
  "weighted avg": {
    "precision": 0.705427548802692,
    "recall": 0.6727748691099477,
    "f1-score": 0.682028689864547,
    "support": 1910.0
  }
}