{
  "0": {
    "precision": 0.7526595744680851,
    "recall": 0.858877086494689,
    "f1-score": 0.8022678951098512,
    "support": 659.0
  },
  "1": {
    "precision": 0.8214971209213052,
    "recall": 0.6970684039087948,
    "f1-score": 0.7541850220264317,
    "support": 614.0
  },
  "accuracy": 0.7808326787117046,
  "macro avg": {
    "precision": 0.7870783476946952,
    "recall": 0.7779727452017419,
    "f1-score": 0.7782264585681414,
    "support": 1273.0
  },
  "weighted avg": {
    "precision": 0.7858616589317748,
    "recall": 0.7808326787117046,
    "f1-score": 0.7790763129627816,
    "support": 1273.0
  }
}