{
  "0": {
    "precision": 0.9418058944997184,
    "recall": 0.995436507936508,
    "f1-score": 0.967878846339346,
    "support": 5040.0
  },
  "1": {
    "precision": 0.9951609509783295,
    "recall": 0.9384920634920635,
    "f1-score": 0.9659961196773206,
    "support": 5040.0
  },
  "accuracy": 0.9669642857142857,
  "macro avg": {
    "precision": 0.968483422739024,
    "recall": 0.9669642857142857,
    "f1-score": 0.9669374830083333,
    "support": 10080.0
  },
  "weighted avg": {
    "precision": 0.968483422739024,
    "recall": 0.9669642857142857,
    "f1-score": 0.9669374830083334,
    "support": 10080.0
  }
}