{
  "0": {
    "precision": 0.7979591836734694,
    "recall": 0.9043947571318427,
    "f1-score": 0.8478496566678714,
    "support": 1297.0
  },
  "1": {
    "precision": 0.7181818181818181,
    "recall": 0.5154975530179445,
    "f1-score": 0.6001899335232669,
    "support": 613.0
  },
  "accuracy": 0.7795811518324607,
  "macro avg": {
    "precision": 0.7580705009276438,
    "recall": 0.7099461550748936,
    "f1-score": 0.7240197950955691,
    "support": 1910.0
  },
  "weighted avg": {
    "precision": 0.7723552438586097,
    "recall": 0.7795811518324607,
    "f1-score": 0.76836514866387,
    "support": 1910.0
  }
}