{
  "0": {
    "precision": 1.0,
    "recall": 0.9994047619047619,
    "f1-score": 0.9997022923489134,
    "support": 5040.0
  },
  "1": {
    "precision": 0.9994051160023796,
    "recall": 1.0,
    "f1-score": 0.999702469503124,
    "support": 5040.0
  },
  "accuracy": 0.999702380952381,
  "macro avg": {
    "precision": 0.9997025580011898,
    "recall": 0.999702380952381,
    "f1-score": 0.9997023809260187,
    "support": 10080.0
  },
  "weighted avg": {
    "precision": 0.9997025580011898,
    "recall": 0.999702380952381,
    "f1-score": 0.9997023809260186,
    "support": 10080.0
  }
}