{
  "0": {
    "precision": 0.7506493506493507,
    "recall": 0.8770864946889226,
    "f1-score": 0.8089573128061581,
    "support": 659.0
  },
  "1": {
    "precision": 0.8389662027833003,
    "recall": 0.6872964169381107,
    "f1-score": 0.7555953446732319,
    "support": 614.0
  },
  "accuracy": 0.7855459544383346,
  "macro avg": {
    "precision": 0.7948077767163255,
    "recall": 0.7821914558135167,
    "f1-score": 0.782276328739695,
    "support": 1273.0
  },
  "weighted avg": {
    "precision": 0.793246795433518,
    "recall": 0.7855459544383346,
    "f1-score": 0.783219489998918,
    "support": 1273.0
  }
}