{
  "0": {
    "precision": 0.7906819716407832,
    "recall": 0.9028527370855821,
    "f1-score": 0.8430525557955364,
    "support": 1297.0
  },
  "1": {
    "precision": 0.7062937062937062,
    "recall": 0.49429037520391517,
    "f1-score": 0.581573896353167,
    "support": 613.0
  },
  "accuracy": 0.7717277486910995,
  "macro avg": {
    "precision": 0.7484878389672447,
    "recall": 0.6985715561447486,
    "f1-score": 0.7123132260743517,
    "support": 1910.0
  },
  "weighted avg": {
    "precision": 0.763598198521538,
    "recall": 0.7717277486910995,
    "f1-score": 0.7591329650949226,
    "support": 1910.0
  }
}