{
  "0": {
    "precision": 0.7941567065073041,
    "recall": 0.9221279876638396,
    "f1-score": 0.853371387798787,
    "support": 1297.0
  },
  "1": {
    "precision": 0.75,
    "recall": 0.49429037520391517,
    "f1-score": 0.5958702064896755,
    "support": 613.0
  },
  "accuracy": 0.7848167539267016,
  "macro avg": {
    "precision": 0.772078353253652,
    "recall": 0.7082091814338773,
    "f1-score": 0.7246207971442312,
    "support": 1910.0
  },
  "weighted avg": {
    "precision": 0.7799849467748552,
    "recall": 0.7848167539267016,
    "f1-score": 0.7707283385095276,
    "support": 1910.0
  }
}