{
  "0": {
    "precision": 0.7436224489795918,
    "recall": 0.8846737481031867,
    "f1-score": 0.808038808038808,
    "support": 659.0
  },
  "1": {
    "precision": 0.8445807770961146,
    "recall": 0.6726384364820847,
    "f1-score": 0.7488667271078876,
    "support": 614.0
  },
  "accuracy": 0.7824037706205813,
  "macro avg": {
    "precision": 0.7941016130378532,
    "recall": 0.7786560922926357,
    "f1-score": 0.7784527675733478,
    "support": 1273.0
  },
  "weighted avg": {
    "precision": 0.7923171963979304,
    "recall": 0.7824037706205813,
    "f1-score": 0.779498621321145,
    "support": 1273.0
  }
}