{
  "0": {
    "precision": 0.7861386138613862,
    "recall": 0.9182729375481882,
    "f1-score": 0.8470839260312945,
    "support": 1297.0
  },
  "1": {
    "precision": 0.7316455696202532,
    "recall": 0.47145187601957583,
    "f1-score": 0.5734126984126984,
    "support": 613.0
  },
  "accuracy": 0.774869109947644,
  "macro avg": {
    "precision": 0.7588920917408197,
    "recall": 0.694862406783882,
    "f1-score": 0.7102483122219965,
    "support": 1910.0
  },
  "weighted avg": {
    "precision": 0.7686494850028445,
    "recall": 0.774869109947644,
    "f1-score": 0.7592512231359021,
    "support": 1910.0
  }
}