{
  "0": {
    "precision": 0.7465321563682219,
    "recall": 0.8983308042488619,
    "f1-score": 0.8154269972451791,
    "support": 659.0
  },
  "1": {
    "precision": 0.8604166666666667,
    "recall": 0.6726384364820847,
    "f1-score": 0.7550274223034735,
    "support": 614.0
  },
  "accuracy": 0.7894736842105263,
  "macro avg": {
    "precision": 0.8034744115174444,
    "recall": 0.7854846203654733,
    "f1-score": 0.7852272097743263,
    "support": 1273.0
  },
  "weighted avg": {
    "precision": 0.8014615273998362,
    "recall": 0.7894736842105263,
    "f1-score": 0.7862947592135944,
    "support": 1273.0
  }
}