{
  "0": {
    "precision": 0.8020477815699659,
    "recall": 0.9059367771781033,
    "f1-score": 0.8508327299058653,
    "support": 1297.0
  },
  "1": {
    "precision": 0.7258426966292135,
    "recall": 0.5269168026101142,
    "f1-score": 0.610586011342155,
    "support": 613.0
  },
  "accuracy": 0.7842931937172775,
  "macro avg": {
    "precision": 0.7639452390995898,
    "recall": 0.7164267898941088,
    "f1-score": 0.7307093706240102,
    "support": 1910.0
  },
  "weighted avg": {
    "precision": 0.7775903380785097,
    "recall": 0.7842931937172775,
    "f1-score": 0.7737273694453657,
    "support": 1910.0
  }
}