{
  "0": {
    "precision": 0.95292331055429,
    "recall": 0.996031746031746,
    "f1-score": 0.9740007760962359,
    "support": 5040.0
  },
  "1": {
    "precision": 0.9958437240232751,
    "recall": 0.9507936507936507,
    "f1-score": 0.9727974015428339,
    "support": 5040.0
  },
  "accuracy": 0.9734126984126984,
  "macro avg": {
    "precision": 0.9743835172887826,
    "recall": 0.9734126984126984,
    "f1-score": 0.973399088819535,
    "support": 10080.0
  },
  "weighted avg": {
    "precision": 0.9743835172887827,
    "recall": 0.9734126984126984,
    "f1-score": 0.973399088819535,
    "support": 10080.0
  }
}