{
  "0": {
    "precision": 0.7686062246278755,
    "recall": 0.8619119878603946,
    "f1-score": 0.8125894134477826,
    "support": 659.0
  },
  "1": {
    "precision": 0.8295880149812734,
    "recall": 0.7214983713355049,
    "f1-score": 0.7717770034843205,
    "support": 614.0
  },
  "accuracy": 0.7941869599371564,
  "macro avg": {
    "precision": 0.7990971198045744,
    "recall": 0.7917051795979497,
    "f1-score": 0.7921832084660516,
    "support": 1273.0
  },
  "weighted avg": {
    "precision": 0.7980192798336778,
    "recall": 0.7941869599371564,
    "f1-score": 0.7929045589956493,
    "support": 1273.0
  }
}