{
  "0": {
    "precision": 0.9455025457288327,
    "recall": 0.9948412698412699,
    "f1-score": 0.9695446195494537,
    "support": 5040.0
  },
  "1": {
    "precision": 0.9945572535063848,
    "recall": 0.9426587301587301,
    "f1-score": 0.9679128043190384,
    "support": 5040.0
  },
  "accuracy": 0.96875,
  "macro avg": {
    "precision": 0.9700298996176088,
    "recall": 0.96875,
    "f1-score": 0.968728711934246,
    "support": 10080.0
  },
  "weighted avg": {
    "precision": 0.9700298996176087,
    "recall": 0.96875,
    "f1-score": 0.968728711934246,
    "support": 10080.0
  }
}