{
  "0": {
    "precision": 0.7556742323097463,
    "recall": 0.858877086494689,
    "f1-score": 0.8039772727272727,
    "support": 659.0
  },
  "1": {
    "precision": 0.8225190839694656,
    "recall": 0.7019543973941368,
    "f1-score": 0.7574692442882249,
    "support": 614.0
  },
  "accuracy": 0.7831893165750197,
  "macro avg": {
    "precision": 0.7890966581396059,
    "recall": 0.7804157419444129,
    "f1-score": 0.7807232585077488,
    "support": 1273.0
  },
  "weighted avg": {
    "precision": 0.7879151898266886,
    "recall": 0.7831893165750197,
    "f1-score": 0.7815452778635058,
    "support": 1273.0
  }
}