{
  "0": {
    "precision": 0.797945205479452,
    "recall": 0.8982266769468004,
    "f1-score": 0.8451215088864708,
    "support": 1297.0
  },
  "1": {
    "precision": 0.7066666666666667,
    "recall": 0.5187601957585645,
    "f1-score": 0.5983066792097836,
    "support": 613.0
  },
  "accuracy": 0.7764397905759163,
  "macro avg": {
    "precision": 0.7523059360730593,
    "recall": 0.7084934363526825,
    "f1-score": 0.7217140940481273,
    "support": 1910.0
  },
  "weighted avg": {
    "precision": 0.7686500513997466,
    "recall": 0.7764397905759163,
    "f1-score": 0.7659081630268848,
    "support": 1910.0
  }
}