{
  "0": {
    "precision": 0.7644736842105263,
    "recall": 0.881638846737481,
    "f1-score": 0.8188865398167724,
    "support": 659.0
  },
  "1": {
    "precision": 0.847953216374269,
    "recall": 0.7084690553745928,
    "f1-score": 0.771960958296362,
    "support": 614.0
  },
  "accuracy": 0.798114689709348,
  "macro avg": {
    "precision": 0.8062134502923977,
    "recall": 0.7950539510560369,
    "f1-score": 0.7954237490565672,
    "support": 1273.0
  },
  "weighted avg": {
    "precision": 0.804737967595081,
    "recall": 0.798114689709348,
    "f1-score": 0.7962531485728352,
    "support": 1273.0
  }
}