{
  "0": {
    "precision": 0.7929191716766867,
    "recall": 0.9151888974556669,
    "f1-score": 0.8496778811739442,
    "support": 1297.0
  },
  "1": {
    "precision": 0.7336561743341404,
    "recall": 0.49429037520391517,
    "f1-score": 0.5906432748538012,
    "support": 613.0
  },
  "accuracy": 0.7801047120418848,
  "macro avg": {
    "precision": 0.7632876730054136,
    "recall": 0.7047396363297911,
    "f1-score": 0.7201605780138727,
    "support": 1910.0
  },
  "weighted avg": {
    "precision": 0.7738991625819324,
    "recall": 0.7801047120418848,
    "f1-score": 0.766542690768579,
    "support": 1910.0
  }
}