{
  "0": {
    "precision": 0.9365908243192839,
    "recall": 0.9964285714285714,
    "f1-score": 0.9655835416266103,
    "support": 5040.0
  },
  "1": {
    "precision": 0.9907072792978833,
    "recall": 0.8494909251881363,
    "f1-score": 0.9146806482364156,
    "support": 2259.0
  },
  "accuracy": 0.9509521852308536,
  "macro avg": {
    "precision": 0.9636490518085836,
    "recall": 0.9229597483083538,
    "f1-score": 0.940132094931513,
    "support": 7299.0
  },
  "weighted avg": {
    "precision": 0.9533395668588998,
    "recall": 0.9509521852308536,
    "f1-score": 0.9498293785674995,
    "support": 7299.0
  }
}