{
  "0": {
    "precision": 0.7927565392354124,
    "recall": 0.9113338473400154,
    "f1-score": 0.8479196556671449,
    "support": 1297.0
  },
  "1": {
    "precision": 0.7255369928400954,
    "recall": 0.49592169657422513,
    "f1-score": 0.5891472868217055,
    "support": 613.0
  },
  "accuracy": 0.7780104712041885,
  "macro avg": {
    "precision": 0.759146766037754,
    "recall": 0.7036277719571202,
    "f1-score": 0.7185334712444251,
    "support": 1910.0
  },
  "weighted avg": {
    "precision": 0.7711829361252924,
    "recall": 0.7780104712041885,
    "f1-score": 0.7648686283884777,
    "support": 1910.0
  }
}