{
  "0": {
    "precision": 0.7596899224806202,
    "recall": 0.8922610015174507,
    "f1-score": 0.8206559665038381,
    "support": 659.0
  },
  "1": {
    "precision": 0.8577154308617234,
    "recall": 0.6970684039087948,
    "f1-score": 0.7690925426774483,
    "support": 614.0
  },
  "accuracy": 0.798114689709348,
  "macro avg": {
    "precision": 0.8087026766711718,
    "recall": 0.7946647027131227,
    "f1-score": 0.7948742545906432,
    "support": 1273.0
  },
  "weighted avg": {
    "precision": 0.8069700969865097,
    "recall": 0.798114689709348,
    "f1-score": 0.795785626967779,
    "support": 1273.0
  }
}