{
  "0": {
    "precision": 0.7888446215139442,
    "recall": 0.9159599074787972,
    "f1-score": 0.847663217980735,
    "support": 1297.0
  },
  "1": {
    "precision": 0.7301980198019802,
    "recall": 0.4812398042414356,
    "f1-score": 0.5801376597836775,
    "support": 613.0
  },
  "accuracy": 0.7764397905759163,
  "macro avg": {
    "precision": 0.7595213206579622,
    "recall": 0.6985998558601164,
    "f1-score": 0.7139004388822062,
    "support": 1910.0
  },
  "weighted avg": {
    "precision": 0.7700224399173818,
    "recall": 0.7764397905759163,
    "f1-score": 0.7618029210305799,
    "support": 1910.0
  }
}