{
  "0": {
    "precision": 0.7549668874172185,
    "recall": 0.8649468892261002,
    "f1-score": 0.8062234794908062,
    "support": 659.0
  },
  "1": {
    "precision": 0.8281853281853282,
    "recall": 0.6986970684039088,
    "f1-score": 0.7579505300353356,
    "support": 614.0
  },
  "accuracy": 0.7847604084838963,
  "macro avg": {
    "precision": 0.7915761078012733,
    "recall": 0.7818219788150045,
    "f1-score": 0.7820870047630709,
    "support": 1273.0
  },
  "weighted avg": {
    "precision": 0.7902819876777207,
    "recall": 0.7847604084838963,
    "f1-score": 0.7829402187165259,
    "support": 1273.0
  }
}