{
  "0": {
    "precision": 0.9518939393939394,
    "recall": 0.9972222222222222,
    "f1-score": 0.974031007751938,
    "support": 5040.0
  },
  "1": {
    "precision": 0.9970833333333333,
    "recall": 0.9496031746031746,
    "f1-score": 0.9727642276422764,
    "support": 5040.0
  },
  "accuracy": 0.9734126984126984,
  "macro avg": {
    "precision": 0.9744886363636364,
    "recall": 0.9734126984126984,
    "f1-score": 0.9733976176971072,
    "support": 10080.0
  },
  "weighted avg": {
    "precision": 0.9744886363636365,
    "recall": 0.9734126984126984,
    "f1-score": 0.9733976176971073,
    "support": 10080.0
  }
}