{
  "0": {
    "precision": 0.7983595352016405,
    "recall": 0.9005397070161912,
    "f1-score": 0.8463768115942029,
    "support": 1297.0
  },
  "1": {
    "precision": 0.7114093959731543,
    "recall": 0.5187601957585645,
    "f1-score": 0.6,
    "support": 613.0
  },
  "accuracy": 0.7780104712041885,
  "macro avg": {
    "precision": 0.7548844655873974,
    "recall": 0.7096499513873779,
    "f1-score": 0.7231884057971014,
    "support": 1910.0
  },
  "weighted avg": {
    "precision": 0.7704535481089378,
    "recall": 0.7780104712041885,
    "f1-score": 0.767304044312922,
    "support": 1910.0
  }
}