{
  "0": {
    "precision": 0.7586649550706034,
    "recall": 0.8968133535660091,
    "f1-score": 0.8219749652294854,
    "support": 659.0
  },
  "1": {
    "precision": 0.8623481781376519,
    "recall": 0.6938110749185668,
    "f1-score": 0.7689530685920578,
    "support": 614.0
  },
  "accuracy": 0.7989002356637863,
  "macro avg": {
    "precision": 0.8105065666041276,
    "recall": 0.7953122142422879,
    "f1-score": 0.7954640169107716,
    "support": 1273.0
  },
  "weighted avg": {
    "precision": 0.8086739880346,
    "recall": 0.7989002356637863,
    "f1-score": 0.7964011674797756,
    "support": 1273.0
  }
}