{
  "0": {
    "precision": 0.7986394557823129,
    "recall": 0.905165767154973,
    "f1-score": 0.8485724611492591,
    "support": 1297.0
  },
  "1": {
    "precision": 0.7204545454545455,
    "recall": 0.5171288743882545,
    "f1-score": 0.6020892687559354,
    "support": 613.0
  },
  "accuracy": 0.7806282722513089,
  "macro avg": {
    "precision": 0.7595470006184292,
    "recall": 0.7111473207716137,
    "f1-score": 0.7253308649525972,
    "support": 1910.0
  },
  "weighted avg": {
    "precision": 0.7735466023629823,
    "recall": 0.7806282722513089,
    "f1-score": 0.7694655517581034,
    "support": 1910.0
  }
}