{
  "0": {
    "precision": 0.7613333333333333,
    "recall": 0.866464339908953,
    "f1-score": 0.8105039034776437,
    "support": 659.0
  },
  "1": {
    "precision": 0.8317399617590823,
    "recall": 0.7084690553745928,
    "f1-score": 0.7651715039577837,
    "support": 614.0
  },
  "accuracy": 0.7902592301649647,
  "macro avg": {
    "precision": 0.7965366475462078,
    "recall": 0.7874666976417729,
    "f1-score": 0.7878377037177137,
    "support": 1273.0
  },
  "weighted avg": {
    "precision": 0.7952922255983843,
    "recall": 0.7902592301649647,
    "f1-score": 0.7886389440862894,
    "support": 1273.0
  }
}