{
  "0": {
    "precision": 0.9432117337344866,
    "recall": 0.9952380952380953,
    "f1-score": 0.9685267426144043,
    "support": 5040.0
  },
  "1": {
    "precision": 0.994960100797984,
    "recall": 0.9400793650793651,
    "f1-score": 0.9667414813303408,
    "support": 5040.0
  },
  "accuracy": 0.9676587301587302,
  "macro avg": {
    "precision": 0.9690859172662354,
    "recall": 0.9676587301587302,
    "f1-score": 0.9676341119723726,
    "support": 10080.0
  },
  "weighted avg": {
    "precision": 0.9690859172662353,
    "recall": 0.9676587301587302,
    "f1-score": 0.9676341119723726,
    "support": 10080.0
  }
}