{
  "0": {
    "precision": 0.7921385742838108,
    "recall": 0.9167309175019275,
    "f1-score": 0.8498927805575411,
    "support": 1297.0
  },
  "1": {
    "precision": 0.7359413202933985,
    "recall": 0.4910277324632953,
    "f1-score": 0.589041095890411,
    "support": 613.0
  },
  "accuracy": 0.7801047120418848,
  "macro avg": {
    "precision": 0.7640399472886047,
    "recall": 0.7038793249826114,
    "f1-score": 0.719466938223976,
    "support": 1910.0
  },
  "weighted avg": {
    "precision": 0.774102492243956,
    "recall": 0.7801047120418848,
    "f1-score": 0.7661744126512842,
    "support": 1910.0
  }
}