{
  "0": {
    "precision": 0.7483870967741936,
    "recall": 0.8801213960546282,
    "f1-score": 0.8089260808926081,
    "support": 659.0
  },
  "1": {
    "precision": 0.8413654618473896,
    "recall": 0.6824104234527687,
    "f1-score": 0.7535971223021583,
    "support": 614.0
  },
  "accuracy": 0.7847604084838963,
  "macro avg": {
    "precision": 0.7948762793107915,
    "recall": 0.7812659097536985,
    "f1-score": 0.7812616015973832,
    "support": 1273.0
  },
  "weighted avg": {
    "precision": 0.793232906793787,
    "recall": 0.7847604084838963,
    "f1-score": 0.7822395289880235,
    "support": 1273.0
  }
}