{
  "0": {
    "precision": 0.9177377892030848,
    "recall": 0.9916666666666667,
    "f1-score": 0.9532710280373832,
    "support": 5040.0
  },
  "1": {
    "precision": 0.9909365558912386,
    "recall": 0.9111111111111111,
    "f1-score": 0.9493487698986975,
    "support": 5040.0
  },
  "accuracy": 0.9513888888888888,
  "macro avg": {
    "precision": 0.9543371725471617,
    "recall": 0.9513888888888888,
    "f1-score": 0.9513098989680404,
    "support": 10080.0
  },
  "weighted avg": {
    "precision": 0.9543371725471618,
    "recall": 0.9513888888888888,
    "f1-score": 0.9513098989680404,
    "support": 10080.0
  }
}