{
  "0": {
    "precision": 0.802640722724114,
    "recall": 0.8905165767154973,
    "f1-score": 0.8442982456140351,
    "support": 1297.0
  },
  "1": {
    "precision": 0.6985138004246284,
    "recall": 0.5367047308319739,
    "f1-score": 0.6070110701107011,
    "support": 613.0
  },
  "accuracy": 0.7769633507853403,
  "macro avg": {
    "precision": 0.7505772615743712,
    "recall": 0.7136106537737357,
    "f1-score": 0.7256546578623682,
    "support": 1910.0
  },
  "weighted avg": {
    "precision": 0.7692219775044361,
    "recall": 0.7769633507853403,
    "f1-score": 0.7681427280310279,
    "support": 1910.0
  }
}