{
  "0": {
    "precision": 0.7774725274725275,
    "recall": 0.858877086494689,
    "f1-score": 0.8161499639509733,
    "support": 659.0
  },
  "1": {
    "precision": 0.8293577981651377,
    "recall": 0.7361563517915309,
    "f1-score": 0.7799827437446074,
    "support": 614.0
  },
  "accuracy": 0.7996857816182247,
  "macro avg": {
    "precision": 0.8034151628188326,
    "recall": 0.79751671914311,
    "f1-score": 0.7980663538477903,
    "support": 1273.0
  },
  "weighted avg": {
    "precision": 0.8024981018678634,
    "recall": 0.7996857816182247,
    "f1-score": 0.7987056016519092,
    "support": 1273.0
  }
}