{
  "0": {
    "precision": 0.800810263335584,
    "recall": 0.9144178874325366,
    "f1-score": 0.8538516918646508,
    "support": 1297.0
  },
  "1": {
    "precision": 0.7412587412587412,
    "recall": 0.5187601957585645,
    "f1-score": 0.6103646833013435,
    "support": 613.0
  },
  "accuracy": 0.787434554973822,
  "macro avg": {
    "precision": 0.7710345022971626,
    "recall": 0.7165890415955505,
    "f1-score": 0.7321081875829971,
    "support": 1910.0
  },
  "weighted avg": {
    "precision": 0.7816976544177282,
    "recall": 0.787434554973822,
    "f1-score": 0.7757063849278407,
    "support": 1910.0
  }
}