{
  "0": {
    "precision": 0.7705802968960864,
    "recall": 0.866464339908953,
    "f1-score": 0.8157142857142857,
    "support": 659.0
  },
  "1": {
    "precision": 0.8345864661654135,
    "recall": 0.7231270358306189,
    "f1-score": 0.774869109947644,
    "support": 614.0
  },
  "accuracy": 0.7973291437549097,
  "macro avg": {
    "precision": 0.8025833815307499,
    "recall": 0.7947956878697859,
    "f1-score": 0.7952916978309649,
    "support": 1273.0
  },
  "weighted avg": {
    "precision": 0.8014520863158561,
    "recall": 0.7973291437549097,
    "f1-score": 0.7960136274890556,
    "support": 1273.0
  }
}