{
  "0": {
    "precision": 0.9421813403416557,
    "recall": 0.9958333333333333,
    "f1-score": 0.9682646860229575,
    "support": 5040.0
  },
  "1": {
    "precision": 0.9955817378497791,
    "recall": 0.9388888888888889,
    "f1-score": 0.9664045746962115,
    "support": 5040.0
  },
  "accuracy": 0.9673611111111111,
  "macro avg": {
    "precision": 0.9688815390957174,
    "recall": 0.9673611111111111,
    "f1-score": 0.9673346303595844,
    "support": 10080.0
  },
  "weighted avg": {
    "precision": 0.9688815390957174,
    "recall": 0.9673611111111111,
    "f1-score": 0.9673346303595844,
    "support": 10080.0
  }
}