{
  "0": {
    "precision": 0.7620320855614974,
    "recall": 0.8649468892261002,
    "f1-score": 0.8102345415778252,
    "support": 659.0
  },
  "1": {
    "precision": 0.8304761904761905,
    "recall": 0.7100977198697068,
    "f1-score": 0.7655838454784899,
    "support": 614.0
  },
  "accuracy": 0.7902592301649647,
  "macro avg": {
    "precision": 0.7962541380188439,
    "recall": 0.7875223045479035,
    "f1-score": 0.7879091935281575,
    "support": 1273.0
  },
  "weighted avg": {
    "precision": 0.7950444032501238,
    "recall": 0.7902592301649647,
    "f1-score": 0.7886983849360405,
    "support": 1273.0
  }
}