{
  "0": {
    "precision": 0.7964841108857336,
    "recall": 0.9082498072474943,
    "f1-score": 0.8487031700288185,
    "support": 1297.0
  },
  "1": {
    "precision": 0.7238979118329466,
    "recall": 0.5089722675367048,
    "f1-score": 0.5977011494252874,
    "support": 613.0
  },
  "accuracy": 0.7801047120418848,
  "macro avg": {
    "precision": 0.7601910113593401,
    "recall": 0.7086110373920995,
    "f1-score": 0.7232021597270529,
    "support": 1910.0
  },
  "weighted avg": {
    "precision": 0.7731881213468025,
    "recall": 0.7801047120418848,
    "f1-score": 0.7681459770288369,
    "support": 1910.0
  }
}