{
  "0": {
    "precision": 0.9484224447383337,
    "recall": 0.996031746031746,
    "f1-score": 0.9716442465885996,
    "support": 5040.0
  },
  "1": {
    "precision": 0.9958220179653228,
    "recall": 0.9458333333333333,
    "f1-score": 0.9701841864251551,
    "support": 5040.0
  },
  "accuracy": 0.9709325396825397,
  "macro avg": {
    "precision": 0.9721222313518283,
    "recall": 0.9709325396825397,
    "f1-score": 0.9709142165068774,
    "support": 10080.0
  },
  "weighted avg": {
    "precision": 0.9721222313518282,
    "recall": 0.9709325396825397,
    "f1-score": 0.9709142165068775,
    "support": 10080.0
  }
}