{
  "0": {
    "precision": 0.7495462794918331,
    "recall": 0.6267071320182094,
    "f1-score": 0.6826446280991736,
    "support": 659.0
  },
  "1": {
    "precision": 0.6592797783933518,
    "recall": 0.7752442996742671,
    "f1-score": 0.7125748502994012,
    "support": 614.0
  },
  "accuracy": 0.6983503534956795,
  "macro avg": {
    "precision": 0.7044130289425925,
    "recall": 0.7009757158462382,
    "f1-score": 0.6976097391992874,
    "support": 1273.0
  },
  "weighted avg": {
    "precision": 0.7060084698496748,
    "recall": 0.6983503534956795,
    "f1-score": 0.6970807289875788,
    "support": 1273.0
  }
}