{
  "0": {
    "precision": 0.6445689988403557,
    "recall": 0.6617063492063492,
    "f1-score": 0.6530252594478168,
    "support": 5040.0
  },
  "1": {
    "precision": 0.6524663677130045,
    "recall": 0.6351190476190476,
    "f1-score": 0.643675849587774,
    "support": 5040.0
  },
  "accuracy": 0.6484126984126984,
  "macro avg": {
    "precision": 0.6485176832766801,
    "recall": 0.6484126984126983,
    "f1-score": 0.6483505545177954,
    "support": 10080.0
  },
  "weighted avg": {
    "precision": 0.64851768327668,
    "recall": 0.6484126984126984,
    "f1-score": 0.6483505545177953,
    "support": 10080.0
  }
}