{
  "0": {
    "precision": 0.8096980786825252,
    "recall": 0.6823438704703161,
    "f1-score": 0.7405857740585774,
    "support": 1297.0
  },
  "1": {
    "precision": 0.49571603427172584,
    "recall": 0.6606851549755302,
    "f1-score": 0.5664335664335665,
    "support": 613.0
  },
  "accuracy": 0.675392670157068,
  "macro avg": {
    "precision": 0.6527070564771256,
    "recall": 0.6715145127229232,
    "f1-score": 0.6535096702460719,
    "support": 1910.0
  },
  "weighted avg": {
    "precision": 0.7089279251622006,
    "recall": 0.675392670157068,
    "f1-score": 0.6846929451192414,
    "support": 1910.0
  }
}