{
  "0": {
    "precision": 0.8104693140794224,
    "recall": 0.69236700077101,
    "f1-score": 0.7467775467775468,
    "support": 1297.0
  },
  "1": {
    "precision": 0.5024937655860349,
    "recall": 0.6574225122349103,
    "f1-score": 0.5696113074204947,
    "support": 613.0
  },
  "accuracy": 0.681151832460733,
  "macro avg": {
    "precision": 0.6564815398327286,
    "recall": 0.6748947565029602,
    "f1-score": 0.6581944270990208,
    "support": 1910.0
  },
  "weighted avg": {
    "precision": 0.7116268998247384,
    "recall": 0.681151832460733,
    "f1-score": 0.6899173872352049,
    "support": 1910.0
  }
}