{
  "0": {
    "precision": 0.6439830834294502,
    "recall": 0.6646825396825397,
    "f1-score": 0.6541691075961726,
    "support": 5040.0
  },
  "1": {
    "precision": 0.6535465354653547,
    "recall": 0.6325396825396825,
    "f1-score": 0.642871546682799,
    "support": 5040.0
  },
  "accuracy": 0.6486111111111111,
  "macro avg": {
    "precision": 0.6487648094474024,
    "recall": 0.648611111111111,
    "f1-score": 0.6485203271394858,
    "support": 10080.0
  },
  "weighted avg": {
    "precision": 0.6487648094474026,
    "recall": 0.6486111111111111,
    "f1-score": 0.6485203271394858,
    "support": 10080.0
  }
}