{
  "0": {
    "precision": 0.75,
    "recall": 0.669195751138088,
    "f1-score": 0.7072975140336808,
    "support": 659.0
  },
  "1": {
    "precision": 0.6817518248175183,
    "recall": 0.760586319218241,
    "f1-score": 0.7190146266358738,
    "support": 614.0
  },
  "accuracy": 0.7132757266300078,
  "macro avg": {
    "precision": 0.7158759124087591,
    "recall": 0.7148910351781645,
    "f1-score": 0.7131560703347772,
    "support": 1273.0
  },
  "weighted avg": {
    "precision": 0.717082184161788,
    "recall": 0.7132757266300078,
    "f1-score": 0.7129489729007245,
    "support": 1273.0
  }
}