{
  "0": {
    "precision": 0.7888815354070152,
    "recall": 0.9190439475713185,
    "f1-score": 0.8490028490028491,
    "support": 1297.0
  },
  "1": {
    "precision": 0.7368421052631579,
    "recall": 0.4796084828711256,
    "f1-score": 0.5810276679841897,
    "support": 613.0
  },
  "accuracy": 0.7780104712041885,
  "macro avg": {
    "precision": 0.7628618203350865,
    "recall": 0.6993262152212221,
    "f1-score": 0.7150152584935194,
    "support": 1910.0
  },
  "weighted avg": {
    "precision": 0.7721798753660809,
    "recall": 0.7780104712041885,
    "f1-score": 0.7629982490214677,
    "support": 1910.0
  }
}