{
  "0": {
    "precision": 0.7443037974683544,
    "recall": 0.8922610015174507,
    "f1-score": 0.8115942028985508,
    "support": 659.0
  },
  "1": {
    "precision": 0.8530020703933747,
    "recall": 0.6710097719869706,
    "f1-score": 0.7511394712853237,
    "support": 614.0
  },
  "accuracy": 0.7855459544383346,
  "macro avg": {
    "precision": 0.7986529339308646,
    "recall": 0.7816353867522107,
    "f1-score": 0.7813668370919372,
    "support": 1273.0
  },
  "weighted avg": {
    "precision": 0.7967317154384742,
    "recall": 0.7855459544383346,
    "f1-score": 0.7824353614134594,
    "support": 1273.0
  }
}