{
  "0": {
    "precision": 0.7891606080634501,
    "recall": 0.920585967617579,
    "f1-score": 0.8498220640569395,
    "support": 1297.0
  },
  "1": {
    "precision": 0.7405541561712846,
    "recall": 0.4796084828711256,
    "f1-score": 0.5821782178217821,
    "support": 613.0
  },
  "accuracy": 0.7790575916230367,
  "macro avg": {
    "precision": 0.7648573821173674,
    "recall": 0.7000972252443524,
    "f1-score": 0.7160001409393608,
    "support": 1910.0
  },
  "weighted avg": {
    "precision": 0.7735607363305196,
    "recall": 0.7790575916230367,
    "f1-score": 0.7639238034589544,
    "support": 1910.0
  }
}