{
  "0": {
    "precision": 0.7541613316261203,
    "recall": 0.8937784522003035,
    "f1-score": 0.8180555555555555,
    "support": 659.0
  },
  "1": {
    "precision": 0.8577235772357723,
    "recall": 0.6872964169381107,
    "f1-score": 0.7631103074141049,
    "support": 614.0
  },
  "accuracy": 0.7941869599371564,
  "macro avg": {
    "precision": 0.8059424544309464,
    "recall": 0.7905374345692071,
    "f1-score": 0.7905829314848303,
    "support": 1273.0
  },
  "weighted avg": {
    "precision": 0.8041120141118441,
    "recall": 0.7941869599371564,
    "f1-score": 0.7915540768761756,
    "support": 1273.0
  }
}