{
  "0": {
    "precision": 0.7958500669344043,
    "recall": 0.9167309175019275,
    "f1-score": 0.8520243640272304,
    "support": 1297.0
  },
  "1": {
    "precision": 0.7403846153846154,
    "recall": 0.5024469820554649,
    "f1-score": 0.5986394557823129,
    "support": 613.0
  },
  "accuracy": 0.7837696335078534,
  "macro avg": {
    "precision": 0.7681173411595099,
    "recall": 0.7095889497786962,
    "f1-score": 0.7253319099047717,
    "support": 1910.0
  },
  "weighted avg": {
    "precision": 0.7780488513322993,
    "recall": 0.7837696335078534,
    "f1-score": 0.7707024013287307,
    "support": 1910.0
  }
}