{
  "0": {
    "precision": 0.7440100882723834,
    "recall": 0.8952959028831563,
    "f1-score": 0.8126721763085399,
    "support": 659.0
  },
  "1": {
    "precision": 0.85625,
    "recall": 0.6693811074918566,
    "f1-score": 0.7513711151736746,
    "support": 614.0
  },
  "accuracy": 0.786331500392773,
  "macro avg": {
    "precision": 0.8001300441361916,
    "recall": 0.7823385051875065,
    "f1-score": 0.7820216457411073,
    "support": 1273.0
  },
  "weighted avg": {
    "precision": 0.7981462279430483,
    "recall": 0.786331500392773,
    "f1-score": 0.7831051287540959,
    "support": 1273.0
  }
}