{
  "0": {
    "precision": 0.9475174627147442,
    "recall": 0.9958333333333333,
    "f1-score": 0.9710747799168037,
    "support": 5040.0
  },
  "1": {
    "precision": 0.995609450135898,
    "recall": 0.9448412698412698,
    "f1-score": 0.9695612338389494,
    "support": 5040.0
  },
  "accuracy": 0.9703373015873016,
  "macro avg": {
    "precision": 0.971563456425321,
    "recall": 0.9703373015873016,
    "f1-score": 0.9703180068778765,
    "support": 10080.0
  },
  "weighted avg": {
    "precision": 0.9715634564253212,
    "recall": 0.9703373015873016,
    "f1-score": 0.9703180068778765,
    "support": 10080.0
  }
}