{
  "0": {
    "precision": 0.8040027605244997,
    "recall": 0.8982266769468004,
    "f1-score": 0.8485069191551348,
    "support": 1297.0
  },
  "1": {
    "precision": 0.7136659436008677,
    "recall": 0.5367047308319739,
    "f1-score": 0.6126629422718808,
    "support": 613.0
  },
  "accuracy": 0.7821989528795812,
  "macro avg": {
    "precision": 0.7588343520626837,
    "recall": 0.7174657038893871,
    "f1-score": 0.7305849307135077,
    "support": 1910.0
  },
  "weighted avg": {
    "precision": 0.7750098449359204,
    "recall": 0.7821989528795812,
    "f1-score": 0.7728145852130224,
    "support": 1910.0
  }
}