{
  "0": {
    "precision": 0.761968085106383,
    "recall": 0.8694992412746586,
    "f1-score": 0.81218993621545,
    "support": 659.0
  },
  "1": {
    "precision": 0.8349328214971209,
    "recall": 0.7084690553745928,
    "f1-score": 0.7665198237885462,
    "support": 614.0
  },
  "accuracy": 0.7918303220738413,
  "macro avg": {
    "precision": 0.798450453301752,
    "recall": 0.7889841483246257,
    "f1-score": 0.789354880001998,
    "support": 1273.0
  },
  "weighted avg": {
    "precision": 0.7971608173482628,
    "recall": 0.7918303220738413,
    "f1-score": 0.7901620893732514,
    "support": 1273.0
  }
}