{
  "0": {
    "precision": 0.7983651226158038,
    "recall": 0.9036237471087124,
    "f1-score": 0.8477396021699819,
    "support": 1297.0
  },
  "1": {
    "precision": 0.7171945701357466,
    "recall": 0.5171288743882545,
    "f1-score": 0.6009478672985782,
    "support": 613.0
  },
  "accuracy": 0.7795811518324607,
  "macro avg": {
    "precision": 0.7577798463757752,
    "recall": 0.7103763107484835,
    "f1-score": 0.72434373473428,
    "support": 1910.0
  },
  "weighted avg": {
    "precision": 0.7723140500135656,
    "recall": 0.7795811518324607,
    "f1-score": 0.7685336684128244,
    "support": 1910.0
  }
}