{
  "0": {
    "precision": 0.9480544012089157,
    "recall": 0.9958333333333333,
    "f1-score": 0.9713566866653764,
    "support": 5040.0
  },
  "1": {
    "precision": 0.9956122022565816,
    "recall": 0.9454365079365079,
    "f1-score": 0.9698758396092001,
    "support": 5040.0
  },
  "accuracy": 0.9706349206349206,
  "macro avg": {
    "precision": 0.9718333017327487,
    "recall": 0.9706349206349206,
    "f1-score": 0.9706162631372883,
    "support": 10080.0
  },
  "weighted avg": {
    "precision": 0.9718333017327486,
    "recall": 0.9706349206349206,
    "f1-score": 0.9706162631372882,
    "support": 10080.0
  }
}