{
  "0": {
    "precision": 0.7671601615074024,
    "recall": 0.8649468892261002,
    "f1-score": 0.8131241084165478,
    "support": 659.0
  },
  "1": {
    "precision": 0.8320754716981132,
    "recall": 0.7182410423452769,
    "f1-score": 0.7709790209790209,
    "support": 614.0
  },
  "accuracy": 0.7941869599371564,
  "macro avg": {
    "precision": 0.7996178166027579,
    "recall": 0.7915939657856885,
    "f1-score": 0.7920515646977844,
    "support": 1273.0
  },
  "weighted avg": {
    "precision": 0.7984704525184758,
    "recall": 0.7941869599371564,
    "f1-score": 0.7927964700138443,
    "support": 1273.0
  }
}