{
  "0": {
    "precision": 0.7257281553398058,
    "recall": 0.9074355083459787,
    "f1-score": 0.8064733648010789,
    "support": 659.0
  },
  "1": {
    "precision": 0.8641425389755011,
    "recall": 0.6319218241042345,
    "f1-score": 0.7300094073377235,
    "support": 614.0
  },
  "accuracy": 0.7745483110761979,
  "macro avg": {
    "precision": 0.7949353471576535,
    "recall": 0.7696786662251066,
    "f1-score": 0.7682413860694012,
    "support": 1273.0
  },
  "weighted avg": {
    "precision": 0.7924889028278789,
    "recall": 0.7745483110761979,
    "f1-score": 0.769592869999429,
    "support": 1273.0
  }
}