{
  "0": {
    "precision": 0.7757961783439491,
    "recall": 0.9390902081727063,
    "f1-score": 0.8496686431810254,
    "support": 1297.0
  },
  "1": {
    "precision": 0.7676470588235295,
    "recall": 0.4257748776508972,
    "f1-score": 0.5477439664218258,
    "support": 613.0
  },
  "accuracy": 0.7743455497382199,
  "macro avg": {
    "precision": 0.7717216185837392,
    "recall": 0.6824325429118018,
    "f1-score": 0.6987063048014256,
    "support": 1910.0
  },
  "weighted avg": {
    "precision": 0.7731807802989139,
    "recall": 0.7743455497382199,
    "f1-score": 0.7527682102734916,
    "support": 1910.0
  }
}