{
  "0": {
    "precision": 0.7554417413572343,
    "recall": 0.8952959028831563,
    "f1-score": 0.8194444444444444,
    "support": 659.0
  },
  "1": {
    "precision": 0.8597560975609756,
    "recall": 0.6889250814332247,
    "f1-score": 0.7649186256781193,
    "support": 614.0
  },
  "accuracy": 0.795758051846033,
  "macro avg": {
    "precision": 0.8075989194591049,
    "recall": 0.7921104921581905,
    "f1-score": 0.7921815350612819,
    "support": 1273.0
  },
  "weighted avg": {
    "precision": 0.805755185747727,
    "recall": 0.795758051846033,
    "f1-score": 0.7931452671290292,
    "support": 1273.0
  }
}