{
  "0": {
    "precision": 1.0,
    "recall": 0.9998015873015873,
    "f1-score": 0.9999007838079175,
    "support": 5040.0
  },
  "1": {
    "precision": 0.9998016266613767,
    "recall": 1.0,
    "f1-score": 0.9999008034917171,
    "support": 5040.0
  },
  "accuracy": 0.9999007936507937,
  "macro avg": {
    "precision": 0.9999008133306884,
    "recall": 0.9999007936507937,
    "f1-score": 0.9999007936498172,
    "support": 10080.0
  },
  "weighted avg": {
    "precision": 0.9999008133306884,
    "recall": 0.9999007936507937,
    "f1-score": 0.9999007936498174,
    "support": 10080.0
  }
}