{
  "0": {
    "precision": 0.7927807486631016,
    "recall": 0.9144178874325366,
    "f1-score": 0.849266022198353,
    "support": 1297.0
  },
  "1": {
    "precision": 0.7318840579710145,
    "recall": 0.49429037520391517,
    "f1-score": 0.5900681596884129,
    "support": 613.0
  },
  "accuracy": 0.7795811518324607,
  "macro avg": {
    "precision": 0.762332403317058,
    "recall": 0.7043541313182259,
    "f1-score": 0.7196670909433829,
    "support": 1910.0
  },
  "weighted avg": {
    "precision": 0.7732364180901963,
    "recall": 0.7795811518324607,
    "f1-score": 0.7660784359582518,
    "support": 1910.0
  }
}