{
  "0": {
    "precision": 0.7603195739014648,
    "recall": 0.866464339908953,
    "f1-score": 0.8099290780141843,
    "support": 659.0
  },
  "1": {
    "precision": 0.8314176245210728,
    "recall": 0.7068403908794788,
    "f1-score": 0.7640845070422535,
    "support": 614.0
  },
  "accuracy": 0.7894736842105263,
  "macro avg": {
    "precision": 0.7958685992112688,
    "recall": 0.7866523653942159,
    "f1-score": 0.7870067925282189,
    "support": 1273.0
  },
  "weighted avg": {
    "precision": 0.7946119565255334,
    "recall": 0.7894736842105263,
    "f1-score": 0.787817085416568,
    "support": 1273.0
  }
}