{
  "0": {
    "precision": 0.7982216142270862,
    "recall": 0.899768696993061,
    "f1-score": 0.8459586806814063,
    "support": 1297.0
  },
  "1": {
    "precision": 0.7098214285714286,
    "recall": 0.5187601957585645,
    "f1-score": 0.5994344957587182,
    "support": 613.0
  },
  "accuracy": 0.7774869109947644,
  "macro avg": {
    "precision": 0.7540215213992574,
    "recall": 0.7092644463758127,
    "f1-score": 0.7226965882200622,
    "support": 1910.0
  },
  "weighted avg": {
    "precision": 0.7698502457417887,
    "recall": 0.7774869109947644,
    "f1-score": 0.766838615049151,
    "support": 1910.0
  }
}