{
  "0": {
    "precision": 0.9501799583254404,
    "recall": 0.9952380952380953,
    "f1-score": 0.9721872274445198,
    "support": 5040.0
  },
  "1": {
    "precision": 0.995001041449698,
    "recall": 0.9478174603174603,
    "f1-score": 0.970836297124276,
    "support": 5040.0
  },
  "accuracy": 0.9715277777777778,
  "macro avg": {
    "precision": 0.9725904998875692,
    "recall": 0.9715277777777778,
    "f1-score": 0.9715117622843978,
    "support": 10080.0
  },
  "weighted avg": {
    "precision": 0.9725904998875692,
    "recall": 0.9715277777777778,
    "f1-score": 0.971511762284398,
    "support": 10080.0
  }
}