{
  "0": {
    "precision": 0.6459227467811158,
    "recall": 0.6569444444444444,
    "f1-score": 0.6513869761951603,
    "support": 5040.0
  },
  "1": {
    "precision": 0.6509890997174,
    "recall": 0.6398809523809523,
    "f1-score": 0.6453872323394036,
    "support": 5040.0
  },
  "accuracy": 0.6484126984126984,
  "macro avg": {
    "precision": 0.6484559232492579,
    "recall": 0.6484126984126983,
    "f1-score": 0.648387104267282,
    "support": 10080.0
  },
  "weighted avg": {
    "precision": 0.6484559232492579,
    "recall": 0.6484126984126984,
    "f1-score": 0.6483871042672821,
    "support": 10080.0
  }
}