{
  "0": {
    "precision": 0.7522441651705566,
    "recall": 0.6358118361153262,
    "f1-score": 0.6891447368421053,
    "support": 659.0
  },
  "1": {
    "precision": 0.664804469273743,
    "recall": 0.7752442996742671,
    "f1-score": 0.7157894736842105,
    "support": 614.0
  },
  "accuracy": 0.7030636292223095,
  "macro avg": {
    "precision": 0.7085243172221498,
    "recall": 0.7055280678947966,
    "f1-score": 0.7024671052631579,
    "support": 1273.0
  },
  "weighted avg": {
    "precision": 0.7100697949579537,
    "recall": 0.7030636292223095,
    "f1-score": 0.7019961652954066,
    "support": 1273.0
  }
}