{
  "0": {
    "precision": 0.8052536231884058,
    "recall": 0.6854279105628374,
    "f1-score": 0.7405247813411079,
    "support": 1297.0
  },
  "1": {
    "precision": 0.49379652605459057,
    "recall": 0.6492659053833605,
    "f1-score": 0.5609584214235377,
    "support": 613.0
  },
  "accuracy": 0.6738219895287958,
  "macro avg": {
    "precision": 0.6495250746214982,
    "recall": 0.6673469079730989,
    "f1-score": 0.6507416013823228,
    "support": 1910.0
  },
  "weighted avg": {
    "precision": 0.7052938323281813,
    "recall": 0.6738219895287958,
    "f1-score": 0.6828943213256782,
    "support": 1910.0
  }
}