{
  "0": {
    "precision": 0.6449373191899711,
    "recall": 0.6634920634920635,
    "f1-score": 0.6540831295843521,
    "support": 5040.0
  },
  "1": {
    "precision": 0.6535240040858018,
    "recall": 0.6347222222222222,
    "f1-score": 0.6439859084046301,
    "support": 5040.0
  },
  "accuracy": 0.6491071428571429,
  "macro avg": {
    "precision": 0.6492306616378865,
    "recall": 0.6491071428571429,
    "f1-score": 0.649034518994491,
    "support": 10080.0
  },
  "weighted avg": {
    "precision": 0.6492306616378865,
    "recall": 0.6491071428571429,
    "f1-score": 0.649034518994491,
    "support": 10080.0
  }
}