{
  "0": {
    "precision": 0.7621527777777778,
    "recall": 0.6661608497723824,
    "f1-score": 0.7109311740890688,
    "support": 659.0
  },
  "1": {
    "precision": 0.6843615494978479,
    "recall": 0.7768729641693811,
    "f1-score": 0.7276887871853547,
    "support": 614.0
  },
  "accuracy": 0.7195600942655145,
  "macro avg": {
    "precision": 0.7232571636378129,
    "recall": 0.7215169069708818,
    "f1-score": 0.7193099806372117,
    "support": 1273.0
  },
  "weighted avg": {
    "precision": 0.7246321067927998,
    "recall": 0.7195600942655145,
    "f1-score": 0.7190137934458005,
    "support": 1273.0
  }
}