{
  "0": {
    "precision": 0.8051372896368467,
    "recall": 0.7008481110254433,
    "f1-score": 0.7493816982687551,
    "support": 1297.0
  },
  "1": {
    "precision": 0.5032010243277849,
    "recall": 0.6411092985318108,
    "f1-score": 0.563845050215208,
    "support": 613.0
  },
  "accuracy": 0.6816753926701571,
  "macro avg": {
    "precision": 0.6541691569823158,
    "recall": 0.6709787047786271,
    "f1-score": 0.6566133742419815,
    "support": 1910.0
  },
  "weighted avg": {
    "precision": 0.7082331374722107,
    "recall": 0.6816753926701571,
    "f1-score": 0.6898351196002607,
    "support": 1910.0
  }
}