{
  "0": {
    "precision": 0.6519036519036518,
    "recall": 0.6658730158730158,
    "f1-score": 0.6588142913231253,
    "support": 5040.0
  },
  "1": {
    "precision": 0.6585563665855637,
    "recall": 0.6444444444444445,
    "f1-score": 0.6514239871640594,
    "support": 5040.0
  },
  "accuracy": 0.6551587301587302,
  "macro avg": {
    "precision": 0.6552300092446077,
    "recall": 0.6551587301587302,
    "f1-score": 0.6551191392435923,
    "support": 10080.0
  },
  "weighted avg": {
    "precision": 0.6552300092446077,
    "recall": 0.6551587301587302,
    "f1-score": 0.6551191392435922,
    "support": 10080.0
  }
}