{
  "0": {
    "precision": 0.8048780487804879,
    "recall": 0.686969930609098,
    "f1-score": 0.7412645590682196,
    "support": 1297.0
  },
  "1": {
    "precision": 0.4943960149439601,
    "recall": 0.6476345840130505,
    "f1-score": 0.5607344632768362,
    "support": 613.0
  },
  "accuracy": 0.6743455497382199,
  "macro avg": {
    "precision": 0.649637031862224,
    "recall": 0.6673022573110743,
    "f1-score": 0.650999511172528,
    "support": 1910.0
  },
  "weighted avg": {
    "precision": 0.7052311970832148,
    "recall": 0.6743455497382199,
    "f1-score": 0.6833247953404091,
    "support": 1910.0
  }
}