{
  "0": {
    "precision": 0.7477477477477478,
    "recall": 0.629742033383915,
    "f1-score": 0.6836902800658978,
    "support": 659.0
  },
  "1": {
    "precision": 0.6601671309192201,
    "recall": 0.7719869706840391,
    "f1-score": 0.7117117117117117,
    "support": 614.0
  },
  "accuracy": 0.6983503534956795,
  "macro avg": {
    "precision": 0.703957439333484,
    "recall": 0.700864502033977,
    "f1-score": 0.6977009958888047,
    "support": 1273.0
  },
  "weighted avg": {
    "precision": 0.7055054078163133,
    "recall": 0.6983503534956795,
    "f1-score": 0.6972057231377986,
    "support": 1273.0
  }
}