{
  "0": {
    "precision": 0.801510989010989,
    "recall": 0.899768696993061,
    "f1-score": 0.8478023973846712,
    "support": 1297.0
  },
  "1": {
    "precision": 0.7136563876651982,
    "recall": 0.5285481239804242,
    "f1-score": 0.6073102155576382,
    "support": 613.0
  },
  "accuracy": 0.7806282722513089,
  "macro avg": {
    "precision": 0.7575836883380936,
    "recall": 0.7141584104867426,
    "f1-score": 0.7275563064711548,
    "support": 1910.0
  },
  "weighted avg": {
    "precision": 0.773314721668073,
    "recall": 0.7806282722513089,
    "f1-score": 0.7706182573532727,
    "support": 1910.0
  }
}