{
  "0": {
    "precision": 0.7680965147453083,
    "recall": 0.8694992412746586,
    "f1-score": 0.8156583629893238,
    "support": 659.0
  },
  "1": {
    "precision": 0.8368121442125237,
    "recall": 0.7182410423452769,
    "f1-score": 0.7730061349693251,
    "support": 614.0
  },
  "accuracy": 0.7965435978004713,
  "macro avg": {
    "precision": 0.8024543294789159,
    "recall": 0.7938701418099677,
    "f1-score": 0.7943322489793245,
    "support": 1273.0
  },
  "weighted avg": {
    "precision": 0.8012397955723862,
    "recall": 0.7965435978004713,
    "f1-score": 0.7950861178956246,
    "support": 1273.0
  }
}