{
  "0": {
    "precision": 0.9445805843543826,
    "recall": 0.9942460317460318,
    "f1-score": 0.9687771870468825,
    "support": 5040.0
  },
  "1": {
    "precision": 0.9939267015706806,
    "recall": 0.9416666666666667,
    "f1-score": 0.9670911869587366,
    "support": 5040.0
  },
  "accuracy": 0.9679563492063492,
  "macro avg": {
    "precision": 0.9692536429625316,
    "recall": 0.9679563492063492,
    "f1-score": 0.9679341870028095,
    "support": 10080.0
  },
  "weighted avg": {
    "precision": 0.9692536429625317,
    "recall": 0.9679563492063492,
    "f1-score": 0.9679341870028096,
    "support": 10080.0
  }
}