{
  "0": {
    "precision": 0.6466834268033262,
    "recall": 0.6634920634920635,
    "f1-score": 0.6549799236117912,
    "support": 5040.0
  },
  "1": {
    "precision": 0.6545121205948258,
    "recall": 0.6375,
    "f1-score": 0.6458940597044929,
    "support": 5040.0
  },
  "accuracy": 0.6504960317460318,
  "macro avg": {
    "precision": 0.650597773699076,
    "recall": 0.6504960317460318,
    "f1-score": 0.6504369916581421,
    "support": 10080.0
  },
  "weighted avg": {
    "precision": 0.650597773699076,
    "recall": 0.6504960317460318,
    "f1-score": 0.6504369916581421,
    "support": 10080.0
  }
}