{
  "0": {
    "precision": 0.8087831655992681,
    "recall": 0.6815728604471858,
    "f1-score": 0.7397489539748954,
    "support": 1297.0
  },
  "1": {
    "precision": 0.4944920440636475,
    "recall": 0.6590538336052202,
    "f1-score": 0.5650349650349651,
    "support": 613.0
  },
  "accuracy": 0.6743455497382199,
  "macro avg": {
    "precision": 0.6516376048314578,
    "recall": 0.670313347026203,
    "f1-score": 0.6523919595049302,
    "support": 1910.0
  },
  "weighted avg": {
    "precision": 0.7079138161221291,
    "recall": 0.6743455497382199,
    "f1-score": 0.6836758255873681,
    "support": 1910.0
  }
}