{
  "0": {
    "precision": 0.7577413479052824,
    "recall": 0.6312594840667678,
    "f1-score": 0.6887417218543046,
    "support": 659.0
  },
  "1": {
    "precision": 0.664364640883978,
    "recall": 0.7833876221498371,
    "f1-score": 0.71898355754858,
    "support": 614.0
  },
  "accuracy": 0.7046347211311862,
  "macro avg": {
    "precision": 0.7110529943946302,
    "recall": 0.7073235531083024,
    "f1-score": 0.7038626397014422,
    "support": 1273.0
  },
  "weighted avg": {
    "precision": 0.7127034075195158,
    "recall": 0.7046347211311862,
    "f1-score": 0.7033281217885428,
    "support": 1273.0
  }
}