{
  "0": {
    "precision": 0.8055307760927743,
    "recall": 0.6962220508866616,
    "f1-score": 0.7468982630272953,
    "support": 1297.0
  },
  "1": {
    "precision": 0.5006337135614702,
    "recall": 0.6443719412724307,
    "f1-score": 0.5634807417974322,
    "support": 613.0
  },
  "accuracy": 0.6795811518324607,
  "macro avg": {
    "precision": 0.6530822448271223,
    "recall": 0.6702969960795462,
    "f1-score": 0.6551895024123637,
    "support": 1910.0
  },
  "weighted avg": {
    "precision": 0.7076763785369161,
    "recall": 0.6795811518324607,
    "f1-score": 0.6880318020252502,
    "support": 1910.0
  }
}