{
  "0": {
    "precision": 0.7452339688041595,
    "recall": 0.6525037936267072,
    "f1-score": 0.6957928802588996,
    "support": 659.0
  },
  "1": {
    "precision": 0.6709770114942529,
    "recall": 0.760586319218241,
    "f1-score": 0.7129770992366412,
    "support": 614.0
  },
  "accuracy": 0.7046347211311862,
  "macro avg": {
    "precision": 0.7081054901492062,
    "recall": 0.7065450564224741,
    "f1-score": 0.7043849897477704,
    "support": 1273.0
  },
  "weighted avg": {
    "precision": 0.7094179658282894,
    "recall": 0.7046347211311862,
    "f1-score": 0.704081262389562,
    "support": 1273.0
  }
}