{
  "0": {
    "precision": 0.648705656759348,
    "recall": 0.6712301587301587,
    "f1-score": 0.6597757191613847,
    "support": 5040.0
  },
  "1": {
    "precision": 0.659403905447071,
    "recall": 0.6365079365079365,
    "f1-score": 0.6477536597677941,
    "support": 5040.0
  },
  "accuracy": 0.6538690476190476,
  "macro avg": {
    "precision": 0.6540547811032095,
    "recall": 0.6538690476190476,
    "f1-score": 0.6537646894645894,
    "support": 10080.0
  },
  "weighted avg": {
    "precision": 0.6540547811032096,
    "recall": 0.6538690476190476,
    "f1-score": 0.6537646894645893,
    "support": 10080.0
  }
}