{
  "0": {
    "precision": 0.6452793834296724,
    "recall": 0.664484126984127,
    "f1-score": 0.6547409579667645,
    "support": 5040.0
  },
  "1": {
    "precision": 0.6541922290388548,
    "recall": 0.6347222222222222,
    "f1-score": 0.6443101711983887,
    "support": 5040.0
  },
  "accuracy": 0.6496031746031746,
  "macro avg": {
    "precision": 0.6497358062342635,
    "recall": 0.6496031746031745,
    "f1-score": 0.6495255645825766,
    "support": 10080.0
  },
  "weighted avg": {
    "precision": 0.6497358062342636,
    "recall": 0.6496031746031746,
    "f1-score": 0.6495255645825766,
    "support": 10080.0
  }
}