{
  "0": {
    "precision": 0.7377326565143824,
    "recall": 0.661608497723824,
    "f1-score": 0.6976,
    "support": 659.0
  },
  "1": {
    "precision": 0.6730205278592375,
    "recall": 0.747557003257329,
    "f1-score": 0.7083333333333334,
    "support": 614.0
  },
  "accuracy": 0.7030636292223095,
  "macro avg": {
    "precision": 0.7053765921868099,
    "recall": 0.7045827504905765,
    "f1-score": 0.7029666666666667,
    "support": 1273.0
  },
  "weighted avg": {
    "precision": 0.7065203650813431,
    "recall": 0.7030636292223095,
    "f1-score": 0.7027769573186698,
    "support": 1273.0
  }
}