{
  "0": {
    "precision": 0.8055555555555556,
    "recall": 0.6931380107941403,
    "f1-score": 0.7451305428926648,
    "support": 1297.0
  },
  "1": {
    "precision": 0.4987405541561713,
    "recall": 0.6460032626427407,
    "f1-score": 0.5628997867803838,
    "support": 613.0
  },
  "accuracy": 0.6780104712041884,
  "macro avg": {
    "precision": 0.6521480548558635,
    "recall": 0.6695706367184404,
    "f1-score": 0.6540151648365242,
    "support": 1910.0
  },
  "weighted avg": {
    "precision": 0.7070856100802558,
    "recall": 0.6780104712041884,
    "f1-score": 0.6866449651456343,
    "support": 1910.0
  }
}