{
  "0": {
    "precision": 0.7864864864864864,
    "recall": 0.89745566692367,
    "f1-score": 0.8383147281238746,
    "support": 1297.0
  },
  "1": {
    "precision": 0.6906976744186046,
    "recall": 0.48450244698205547,
    "f1-score": 0.5695110258868649,
    "support": 613.0
  },
  "accuracy": 0.7649214659685863,
  "macro avg": {
    "precision": 0.7385920804525455,
    "recall": 0.6909790569528627,
    "f1-score": 0.7039128770053698,
    "support": 1910.0
  },
  "weighted avg": {
    "precision": 0.7557437944458522,
    "recall": 0.7649214659685863,
    "f1-score": 0.7520442205472846,
    "support": 1910.0
  }
}