{
  "0": {
    "precision": 1.0,
    "recall": 0.9992063492063492,
    "f1-score": 0.999603017070266,
    "support": 5040.0
  },
  "1": {
    "precision": 0.9992069785884219,
    "recall": 1.0,
    "f1-score": 0.9996033320111067,
    "support": 5040.0
  },
  "accuracy": 0.9996031746031746,
  "macro avg": {
    "precision": 0.999603489294211,
    "recall": 0.9996031746031746,
    "f1-score": 0.9996031745406864,
    "support": 10080.0
  },
  "weighted avg": {
    "precision": 0.999603489294211,
    "recall": 0.9996031746031746,
    "f1-score": 0.9996031745406864,
    "support": 10080.0
  }
}