{
  "0": {
    "precision": 0.7691309987029832,
    "recall": 0.8998482549317147,
    "f1-score": 0.8293706293706293,
    "support": 659.0
  },
  "1": {
    "precision": 0.8685258964143426,
    "recall": 0.7100977198697068,
    "f1-score": 0.7813620071684588,
    "support": 614.0
  },
  "accuracy": 0.8083267871170463,
  "macro avg": {
    "precision": 0.8188284475586629,
    "recall": 0.8049729874007108,
    "f1-score": 0.8053663182695441,
    "support": 1273.0
  },
  "weighted avg": {
    "precision": 0.817071664213411,
    "recall": 0.8083267871170463,
    "f1-score": 0.8062148602958983,
    "support": 1273.0
  }
}