{
  "0": {
    "precision": 0.8008298755186722,
    "recall": 0.8928296067848882,
    "f1-score": 0.8443310244258112,
    "support": 1297.0
  },
  "1": {
    "precision": 0.7004310344827587,
    "recall": 0.5301794453507341,
    "f1-score": 0.6035283194057567,
    "support": 613.0
  },
  "accuracy": 0.7764397905759163,
  "macro avg": {
    "precision": 0.7506304550007155,
    "recall": 0.7115045260678112,
    "f1-score": 0.723929671915784,
    "support": 1910.0
  },
  "weighted avg": {
    "precision": 0.7686076296783502,
    "recall": 0.7764397905759163,
    "f1-score": 0.7670472243329874,
    "support": 1910.0
  }
}