{
  "0": {
    "precision": 0.9544761904761905,
    "recall": 0.9942460317460318,
    "f1-score": 0.973955296404276,
    "support": 5040.0
  },
  "1": {
    "precision": 0.9939958592132505,
    "recall": 0.952579365079365,
    "f1-score": 0.9728470111448835,
    "support": 5040.0
  },
  "accuracy": 0.9734126984126984,
  "macro avg": {
    "precision": 0.9742360248447205,
    "recall": 0.9734126984126984,
    "f1-score": 0.9734011537745797,
    "support": 10080.0
  },
  "weighted avg": {
    "precision": 0.9742360248447206,
    "recall": 0.9734126984126984,
    "f1-score": 0.9734011537745797,
    "support": 10080.0
  }
}