{
  "0": {
    "precision": 0.756578947368421,
    "recall": 0.8725341426403642,
    "f1-score": 0.8104298801973221,
    "support": 659.0
  },
  "1": {
    "precision": 0.8362573099415205,
    "recall": 0.6986970684039088,
    "f1-score": 0.7613132209405501,
    "support": 614.0
  },
  "accuracy": 0.788688138256088,
  "macro avg": {
    "precision": 0.7964181286549707,
    "recall": 0.7856156055221365,
    "f1-score": 0.7858715505689361,
    "support": 1273.0
  },
  "weighted avg": {
    "precision": 0.7950098308090204,
    "recall": 0.788688138256088,
    "f1-score": 0.7867396769108665,
    "support": 1273.0
  }
}