{
  "0": {
    "precision": 0.759379042690815,
    "recall": 0.8907435508345979,
    "f1-score": 0.8198324022346368,
    "support": 659.0
  },
  "1": {
    "precision": 0.856,
    "recall": 0.6970684039087948,
    "f1-score": 0.7684021543985637,
    "support": 614.0
  },
  "accuracy": 0.7973291437549097,
  "macro avg": {
    "precision": 0.8076895213454075,
    "recall": 0.7939059773716963,
    "f1-score": 0.7941172783166003,
    "support": 1273.0
  },
  "weighted avg": {
    "precision": 0.8059817667975233,
    "recall": 0.7973291437549097,
    "f1-score": 0.7950262968368764,
    "support": 1273.0
  }
}