{
  "0": {
    "precision": 0.7886767610269915,
    "recall": 0.9236700077101002,
    "f1-score": 0.8508522727272727,
    "support": 1297.0
  },
  "1": {
    "precision": 0.7468030690537084,
    "recall": 0.4763458401305057,
    "f1-score": 0.5816733067729084,
    "support": 613.0
  },
  "accuracy": 0.7801047120418848,
  "macro avg": {
    "precision": 0.7677399150403499,
    "recall": 0.700007923920303,
    "f1-score": 0.7162627897500906,
    "support": 1910.0
  },
  "weighted avg": {
    "precision": 0.7752377174774507,
    "recall": 0.7801047120418848,
    "f1-score": 0.7644613271094585,
    "support": 1910.0
  }
}