{
  "0": {
    "precision": 0.8051001821493625,
    "recall": 0.6815728604471858,
    "f1-score": 0.7382045929018789,
    "support": 1297.0
  },
  "1": {
    "precision": 0.49137931034482757,
    "recall": 0.6508972267536705,
    "f1-score": 0.56,
    "support": 613.0
  },
  "accuracy": 0.6717277486910995,
  "macro avg": {
    "precision": 0.648239746247095,
    "recall": 0.6662350436004281,
    "f1-score": 0.6491022964509394,
    "support": 1910.0
  },
  "weighted avg": {
    "precision": 0.7044138499942946,
    "recall": 0.6717277486910995,
    "f1-score": 0.6810111816721135,
    "support": 1910.0
  }
}