{
  "0": {
    "precision": 0.7522603978300181,
    "recall": 0.6312594840667678,
    "f1-score": 0.6864686468646864,
    "support": 659.0
  },
  "1": {
    "precision": 0.6625,
    "recall": 0.7768729641693811,
    "f1-score": 0.7151424287856072,
    "support": 614.0
  },
  "accuracy": 0.7014925373134329,
  "macro avg": {
    "precision": 0.707380198915009,
    "recall": 0.7040662241180744,
    "f1-score": 0.7008055378251468,
    "support": 1273.0
  },
  "weighted avg": {
    "precision": 0.7089666945561524,
    "recall": 0.7014925373134329,
    "f1-score": 0.7002987349239522,
    "support": 1273.0
  }
}