{
  "0": {
    "precision": 0.6478711162255466,
    "recall": 0.6702380952380952,
    "f1-score": 0.6588648332358105,
    "support": 5040.0
  },
  "1": {
    "precision": 0.6584463625154131,
    "recall": 0.6357142857142857,
    "f1-score": 0.6468806783767413,
    "support": 5040.0
  },
  "accuracy": 0.6529761904761905,
  "macro avg": {
    "precision": 0.6531587393704799,
    "recall": 0.6529761904761904,
    "f1-score": 0.6528727558062759,
    "support": 10080.0
  },
  "weighted avg": {
    "precision": 0.6531587393704799,
    "recall": 0.6529761904761905,
    "f1-score": 0.6528727558062758,
    "support": 10080.0
  }
}