{
  "0": {
    "precision": 0.7503184713375797,
    "recall": 0.8937784522003035,
    "f1-score": 0.8157894736842105,
    "support": 659.0
  },
  "1": {
    "precision": 0.8565573770491803,
    "recall": 0.6807817589576547,
    "f1-score": 0.7586206896551724,
    "support": 614.0
  },
  "accuracy": 0.7910447761194029,
  "macro avg": {
    "precision": 0.80343792419338,
    "recall": 0.7872801055789791,
    "f1-score": 0.7872050816696914,
    "support": 1273.0
  },
  "weighted avg": {
    "precision": 0.8015601744852017,
    "recall": 0.7910447761194029,
    "f1-score": 0.7882155275775102,
    "support": 1273.0
  }
}