{
  "0": {
    "precision": 0.7920265780730897,
    "recall": 0.9190439475713185,
    "f1-score": 0.8508208422555318,
    "support": 1297.0
  },
  "1": {
    "precision": 0.7407407407407407,
    "recall": 0.4893964110929853,
    "f1-score": 0.5893909626719057,
    "support": 613.0
  },
  "accuracy": 0.7811518324607329,
  "macro avg": {
    "precision": 0.7663836594069152,
    "recall": 0.7042201793321519,
    "f1-score": 0.7201059024637188,
    "support": 1910.0
  },
  "weighted avg": {
    "precision": 0.7755667779240165,
    "recall": 0.7811518324607329,
    "f1-score": 0.7669169070802633,
    "support": 1910.0
  }
}