{
  "0": {
    "precision": 0.7963340122199593,
    "recall": 0.9043947571318427,
    "f1-score": 0.8469314079422383,
    "support": 1297.0
  },
  "1": {
    "precision": 0.7162471395881007,
    "recall": 0.5106035889070146,
    "f1-score": 0.5961904761904762,
    "support": 613.0
  },
  "accuracy": 0.7780104712041885,
  "macro avg": {
    "precision": 0.7562905759040299,
    "recall": 0.7074991730194287,
    "f1-score": 0.7215609420663572,
    "support": 1910.0
  },
  "weighted avg": {
    "precision": 0.7706307384381114,
    "recall": 0.7780104712041885,
    "f1-score": 0.7664580094271439,
    "support": 1910.0
  }
}