{
  "0": {
    "precision": 0.7654986522911051,
    "recall": 0.8619119878603946,
    "f1-score": 0.8108493932905068,
    "support": 659.0
  },
  "1": {
    "precision": 0.8286252354048964,
    "recall": 0.7166123778501629,
    "f1-score": 0.7685589519650655,
    "support": 614.0
  },
  "accuracy": 0.7918303220738413,
  "macro avg": {
    "precision": 0.7970619438480008,
    "recall": 0.7892621828552787,
    "f1-score": 0.7897041726277861,
    "support": 1273.0
  },
  "weighted avg": {
    "precision": 0.7959461951283934,
    "recall": 0.7918303220738413,
    "f1-score": 0.7904516470424149,
    "support": 1273.0
  }
}