{
  "0": {
    "precision": 0.9470211161387632,
    "recall": 0.9966269841269841,
    "f1-score": 0.9711910286156226,
    "support": 5040.0
  },
  "1": {
    "precision": 0.9964405360134003,
    "recall": 0.9442460317460317,
    "f1-score": 0.9696414017929911,
    "support": 5040.0
  },
  "accuracy": 0.9704365079365079,
  "macro avg": {
    "precision": 0.9717308260760817,
    "recall": 0.9704365079365079,
    "f1-score": 0.9704162152043068,
    "support": 10080.0
  },
  "weighted avg": {
    "precision": 0.9717308260760817,
    "recall": 0.9704365079365079,
    "f1-score": 0.9704162152043068,
    "support": 10080.0
  }
}