{
  "0": {
    "precision": 0.73989898989899,
    "recall": 0.8892261001517451,
    "f1-score": 0.8077188146106133,
    "support": 659.0
  },
  "1": {
    "precision": 0.8482328482328483,
    "recall": 0.6644951140065146,
    "f1-score": 0.7452054794520548,
    "support": 614.0
  },
  "accuracy": 0.7808326787117046,
  "macro avg": {
    "precision": 0.7940659190659192,
    "recall": 0.7768606070791299,
    "f1-score": 0.7764621470313341,
    "support": 1273.0
  },
  "weighted avg": {
    "precision": 0.7921511415227048,
    "recall": 0.7808326787117046,
    "f1-score": 0.7775670567258097,
    "support": 1273.0
  }
}