{
  "0": {
    "precision": 0.7928047968021319,
    "recall": 0.9175019275250579,
    "f1-score": 0.8506075768406004,
    "support": 1297.0
  },
  "1": {
    "precision": 0.7383863080684596,
    "recall": 0.4926590538336052,
    "f1-score": 0.5909980430528375,
    "support": 613.0
  },
  "accuracy": 0.7811518324607329,
  "macro avg": {
    "precision": 0.7655955524352958,
    "recall": 0.7050804906793315,
    "f1-score": 0.720802809946719,
    "support": 1910.0
  },
  "weighted avg": {
    "precision": 0.7753395959677124,
    "recall": 0.7811518324607329,
    "f1-score": 0.7672878678291352,
    "support": 1910.0
  }
}