{
  "0": {
    "precision": 0.6487010469174098,
    "recall": 0.6638888888888889,
    "f1-score": 0.656207099431261,
    "support": 5040.0
  },
  "1": {
    "precision": 0.6558309630231614,
    "recall": 0.6404761904761904,
    "f1-score": 0.648062638024493,
    "support": 5040.0
  },
  "accuracy": 0.6521825396825397,
  "macro avg": {
    "precision": 0.6522660049702855,
    "recall": 0.6521825396825396,
    "f1-score": 0.652134868727877,
    "support": 10080.0
  },
  "weighted avg": {
    "precision": 0.6522660049702855,
    "recall": 0.6521825396825397,
    "f1-score": 0.6521348687278771,
    "support": 10080.0
  }
}