{
  "0": {
    "precision": 0.7482014388489209,
    "recall": 0.6312594840667678,
    "f1-score": 0.6847736625514403,
    "support": 659.0
  },
  "1": {
    "precision": 0.6610878661087866,
    "recall": 0.7719869706840391,
    "f1-score": 0.7122464312546957,
    "support": 614.0
  },
  "accuracy": 0.6991358994501178,
  "macro avg": {
    "precision": 0.7046446524788537,
    "recall": 0.7016232273754035,
    "f1-score": 0.6985100469030681,
    "support": 1273.0
  },
  "weighted avg": {
    "precision": 0.7061843660583141,
    "recall": 0.6991358994501178,
    "f1-score": 0.6980244716510466,
    "support": 1273.0
  }
}